,Age,PTS,FG%,3P,3PA,FT%,ORB,DRB,AST,STL,BLK,TOV,PF
0,25.136363636363637,7.804761904761904,0.48019047619047617,1.0052631578947369,2.5476190476190474,0.7173157894736844,0.9523809523809526,2.604761904761905,1.8421052631578947,0.6,0.4294117647058823,1.1947368421052633,1.804761904761905
1,25.5,7.861904761904761,0.46919047619047616,0.9947368421052633,2.670000000000001,0.761421052631579,0.7238095238095238,2.6142857142857143,1.9736842105263157,0.635,0.32499999999999996,1.1904761904761905,1.6238095238095236
2,28.2,7.289999999999999,0.4454210526315789,0.8624999999999998,2.305555555555556,0.7716842105263159,0.8470588235294116,2.5600000000000005,1.7999999999999998,0.6277777777777778,0.4466666666666666,1.1833333333333333,1.463157894736842
3,27.470588235294116,7.388235294117647,0.43899999999999995,0.7866666666666668,2.2,0.7384375,0.6470588235294118,2.517647058823529,1.8411764705882352,0.6647058823529411,0.45624999999999993,1.0764705882352938,1.488235294117647
4,27.0,8.131250000000001,0.44293749999999993,0.914285714285714,2.3,0.7336249999999999,0.75,2.6374999999999997,2.1,0.75,0.5000000000000001,1.1133333333333333,1.54375
5,26.11111111111111,8.352941176470589,0.4476470588235295,0.9461538461538463,2.3733333333333335,0.7773125,0.8882352941176471,2.770588235294117,1.9588235294117646,0.7125,0.457142857142857,1.2588235294117647,1.6529411764705886
6,26.88888888888889,8.16470588235294,0.44282352941176456,1.0833333333333333,2.2250000000000005,0.7600588235294118,0.8125000000000001,2.5666666666666664,2.052941176470588,0.676470588235294,0.4307692307692308,1.188235294117647,1.611764705882353
7,29.3125,7.674999999999999,0.42300000000000004,0.9000000000000001,1.9076923076923078,0.7585714285714287,0.8875,2.6,1.8062499999999997,0.6375000000000002,0.4499999999999999,1.0625,1.50625
8,27.470588235294116,7.447058823529412,0.4476470588235294,0.9,1.946153846153846,0.7391764705882354,0.7647058823529411,2.358823529411764,1.764705882352941,0.5058823529411763,0.38000000000000006,1.0764705882352938,1.6235294117647059
9,26.571428571428573,7.8500000000000005,0.4553571428571428,1.1166666666666667,2.0666666666666673,0.7506923076923078,0.9785714285714286,2.3785714285714286,1.7692307692307692,0.5999999999999999,0.4583333333333333,0.9071428571428571,1.6785714285714286
10,25.58823529411765,9.170588235294119,0.4813529411764706,1.2533333333333332,3.4,0.7388750000000001,0.9352941176470588,2.850000000000001,2.0823529411764703,0.7125000000000001,0.5142857142857142,1.0571428571428572,1.7750000000000001
11,25.4,8.294444444444444,0.4502222222222223,1.1428571428571428,2.3578947368421055,0.7338125000000001,0.8058823529411765,2.4650000000000003,1.8647058823529412,0.6166666666666667,0.4066666666666667,1.1470588235294115,1.5421052631578946
12,25.266666666666666,8.666666666666666,0.4726666666666666,1.1153846153846154,3.0615384615384613,0.7155333333333334,0.7666666666666665,2.64,1.98,0.6214285714285713,0.3500000000000001,1.0642857142857143,1.7357142857142855
13,24.5,7.824999999999998,0.42187499999999994,0.8230769230769229,2.4153846153846157,0.7215333333333334,0.9533333333333333,2.5124999999999993,1.8533333333333333,0.7785714285714285,0.4307692307692307,1.025,1.7800000000000002
14,26.181818181818183,8.131818181818183,0.44472727272727275,0.9176470588235296,2.5526315789473686,0.6957727272727273,0.8904761904761906,2.6409090909090907,2.3952380952380947,0.7,0.31578947368421045,1.1136363636363638,1.613636363636364
15,25.68421052631579,7.589473684210527,0.4277368421052631,0.7800000000000001,2.0470588235294116,0.7176111111111112,0.9529411764705884,2.4578947368421056,1.9210526315789478,0.6444444444444446,0.36874999999999997,1.2157894736842105,1.6789473684210525
16,27.45,7.1684210526315795,0.46610526315789474,0.8555555555555556,1.8583333333333336,0.6805263157894735,0.7388888888888888,2.3399999999999994,1.9499999999999997,0.6722222222222223,0.388235294117647,1.145,1.7199999999999995
17,28.235294117647058,7.3000000000000025,0.45605882352941174,0.8222222222222222,2.0300000000000002,0.7231176470588236,0.7470588235294118,2.6647058823529415,1.8058823529411765,0.6411764705882353,0.55,1.1647058823529415,1.776470588235294
18,27.904761904761905,7.199999999999998,0.481047619047619,0.5499999999999999,1.26,0.7329999999999999,0.7523809523809525,2.6047619047619044,1.6285714285714288,0.6300000000000001,0.5055555555555555,1.138095238095238,1.8761904761904762
19,28.0,7.46111111111111,0.4678888888888889,0.881818181818182,1.7562499999999999,0.7114117647058824,0.7562499999999999,2.288888888888889,1.7555555555555555,0.6874999999999999,0.4142857142857143,1.0611111111111111,1.7647058823529411
20,25.31578947368421,8.568421052631578,0.4688947368421052,1.18,2.95,0.7294117647058824,0.9333333333333331,2.8,1.8555555555555554,0.5333333333333334,0.38571428571428573,1.1647058823529413,1.6947368421052629
21,25.227272727272727,8.623809523809525,0.42647619047619045,0.9499999999999998,2.619047619047619,0.74315,0.85,2.8999999999999995,1.8136363636363633,0.47999999999999987,0.4111111111111111,1.3050000000000002,1.7090909090909088
22,25.80952380952381,8.009523809523811,0.43309523809523803,0.8333333333333334,2.4857142857142858,0.7645714285714288,0.7100000000000001,2.6428571428571432,1.6619047619047622,0.5571428571428572,0.37,1.2095238095238094,1.690476190476191
23,26.0,8.71764705882353,0.44411764705882356,0.7461538461538461,1.9928571428571424,0.7528235294117647,0.9529411764705884,2.870588235294118,1.9882352941176473,0.7,0.43124999999999997,1.2705882352941176,1.7000000000000002
24,27.526315789473685,7.157894736842105,0.43672222222222223,0.7833333333333333,1.7937500000000002,0.7103684210526315,0.8444444444444446,2.5631578947368423,1.489473684210526,0.5526315789473685,0.42,1.0105263157894737,1.5263157894736843
25,28.842105263157894,7.9789473684210535,0.4531052631578946,1.0727272727272725,1.9294117647058822,0.7228947368421053,0.7944444444444444,2.3473684210526318,1.6578947368421053,0.6947368421052632,0.4066666666666666,1.1736842105263159,1.8842105263157893
26,27.529411764705884,7.0625,0.4225333333333335,0.8454545454545456,2.0,0.6890625,0.9933333333333333,2.1,1.5466666666666666,0.5687500000000001,0.41428571428571426,1.1785714285714286,1.3812499999999999
27,26.09090909090909,7.790909090909091,0.4052272727272727,0.9571428571428572,2.3823529411764706,0.7310952380952381,0.9545454545454544,2.3863636363636362,1.5857142857142859,0.6950000000000001,0.44705882352941173,1.1714285714285713,1.7454545454545454
28,25.818181818181817,7.009090909090907,0.42018181818181816,0.775,1.9400000000000004,0.6602857142857143,0.8761904761904761,2.5,2.1090909090909093,0.5571428571428572,0.43750000000000006,1.1904761904761907,1.9190476190476193
29,26.529411764705884,7.98235294117647,0.41117647058823525,0.6583333333333334,1.8214285714285716,0.742,1.0312500000000002,2.6117647058823525,1.6823529411764704,0.676470588235294,0.48666666666666664,1.229411764705882,2.0117647058823533
30,25.764705882352942,8.388235294117647,0.4272941176470588,1.0769230769230769,2.8,0.7611333333333333,0.9214285714285716,2.78125,1.8294117647058827,0.6066666666666667,0.46923076923076923,1.0333333333333334,1.6500000000000001
31,25.470588235294116,7.947058823529411,0.44223529411764706,0.8714285714285713,2.24,0.7759375000000001,0.9733333333333334,2.8176470588235287,1.7,0.5625,0.43076923076923074,1.0000000000000002,1.5437499999999997
32,25.789473684210527,7.357894736842107,0.4543888888888889,1.0,2.3466666666666667,0.7608333333333335,0.8666666666666666,2.531578947368421,1.6473684210526314,0.59375,0.5307692307692308,0.8777777777777778,1.4315789473684208
33,25.941176470588236,8.547058823529412,0.44235294117647056,1.0615384615384618,2.3937500000000003,0.7532941176470588,0.81875,2.941176470588235,1.7470588235294116,0.6058823529411765,0.5071428571428572,0.9588235294117647,1.5529411764705883
34,26.11764705882353,8.623529411764705,0.4195294117647059,0.975,2.6769230769230767,0.764470588235294,0.9062499999999999,2.8470588235294114,1.8411764705882354,0.54375,0.5357142857142857,1.0294117647058822,1.6470588235294115
35,26.157894736842106,8.5625,0.4429375,0.9,2.1214285714285714,0.7132499999999999,0.8266666666666667,2.652941176470588,1.9,0.5833333333333334,0.4571428571428572,1.0705882352941178,1.6
36,26.22222222222222,7.823529411764706,0.41052941176470586,0.7727272727272727,1.961538461538462,0.7008125000000001,0.9588235294117645,2.552941176470588,1.611111111111111,0.6294117647058824,0.5466666666666666,1.1875,1.6555555555555557
37,26.1875,7.287499999999998,0.3966875,0.5166666666666667,1.6,0.701625,0.8750000000000001,2.5125,1.7312500000000002,0.51875,0.5142857142857143,1.2,1.65
38,26.842105263157894,7.352631578947368,0.4341052631578947,0.7111111111111111,1.4642857142857146,0.6920526315789474,1.0823529411764707,2.6526315789473687,1.5611111111111111,0.5666666666666667,0.5588235294117647,1.1526315789473685,1.8578947368421048
39,27.263157894736842,7.810526315789474,0.4421052631578948,0.8909090909090908,2.0142857142857147,0.7295555555555554,0.9888888888888889,2.578947368421053,1.5611111111111111,0.6210526315789475,0.5210526315789474,1.178947368421053,1.7684210526315793
40,23.772727272727273,10.68095238095238,0.4494761904761906,0.985,2.633333333333333,0.7643809523809524,0.861904761904762,3.4857142857142858,2.0857142857142863,0.7619047619047619,0.4473684210526316,1.3,1.9619047619047616
41,24.61904761904762,9.165000000000001,0.41525,1.1444444444444444,3.0842105263157897,0.7643684210526315,0.8052631578947368,3.015,2.0149999999999997,0.6700000000000002,0.3263157894736842,1.205,1.6649999999999998
42,25.88888888888889,8.594117647058823,0.42894117647058827,0.8642857142857144,2.24375,0.7417058823529412,0.9529411764705882,2.7,1.8588235294117648,0.6529411764705884,0.4692307692307693,1.1687499999999997,1.5411764705882354
43,27.5625,8.6,0.4313125,0.8846153846153848,2.1357142857142857,0.7761875,1.0125,3.1999999999999997,2.0625,0.55,0.5533333333333333,1.19375,1.7937500000000002
44,28.285714285714285,8.864285714285716,0.41900000000000004,0.9700000000000001,2.7399999999999998,0.7222142857142858,1.0499999999999998,2.9642857142857144,1.9285714285714286,0.5714285714285714,0.5461538461538461,1.192857142857143,1.6357142857142857
45,27.75,8.194117647058823,0.40894117647058825,0.9181818181818181,2.2538461538461543,0.761142857142857,0.9533333333333333,2.5588235294117645,2.0647058823529414,0.6533333333333334,0.5,1.288235294117647,1.5666666666666669
46,28.0,7.971428571428571,0.4181428571428571,0.7333333333333333,1.7454545454545454,0.7300000000000001,1.1066666666666667,2.678571428571428,2.0142857142857147,0.6357142857142856,0.46428571428571425,1.2214285714285715,1.8285714285714287
47,28.0,8.957142857142857,0.4461428571428571,1.0750000000000002,2.31,0.7217142857142858,1.1142857142857143,2.7071428571428577,2.35,0.6214285714285716,0.5583333333333333,1.3071428571428574,1.5714285714285716
48,27.466666666666665,7.826666666666667,0.4652000000000001,0.8875,1.7999999999999998,0.6878333333333332,1.1538461538461537,2.914285714285714,1.864285714285714,0.6769230769230768,0.5692307692307692,1.2142857142857142,1.8928571428571428
49,26.944444444444443,7.816666666666666,0.40522222222222215,0.6,1.7333333333333334,0.7318235294117647,0.9444444444444444,2.7777777777777777,1.6166666666666667,0.5823529411764706,0.6,1.1823529411764706,1.8166666666666669
50,26.22222222222222,8.331999999999999,0.42036,1.0043478260869567,2.8173913043478254,0.7996249999999999,0.940909090909091,2.716,1.7519999999999996,0.612,0.22608695652173913,1.0759999999999998,1.7879999999999998
51,29.0,8.740909090909092,0.45463636363636356,1.1352941176470588,2.878947368421052,0.7533636363636365,0.7428571428571429,2.5409090909090915,1.8499999999999999,0.6181818181818182,0.3526315789473684,1.0863636363636364,1.568181818181818
52,30.047619047619047,8.514999999999999,0.44935,1.3199999999999998,3.111764705882353,0.7601052631578947,0.9263157894736843,2.7749999999999995,1.7631578947368418,0.5222222222222223,0.631578947368421,1.0950000000000002,1.647619047619048
53,28.833333333333332,8.3,0.43894444444444447,1.1357142857142857,2.833333333333334,0.7345,0.8235294117647057,2.6611111111111114,1.7777777777777777,0.61875,0.41176470588235287,1.0176470588235293,1.8555555555555558
54,27.95,7.565,0.4144,1.1833333333333333,2.892857142857143,0.7129,0.86,2.5736842105263156,1.6349999999999998,0.6421052631578948,0.43333333333333335,1.1157894736842104,1.5550000000000002
55,24.523809523809526,7.365,0.42047368421052633,0.9153846153846155,2.1533333333333338,0.7270555555555555,1.0941176470588234,2.5149999999999997,1.6388888888888886,0.6944444444444444,0.41333333333333333,1.1444444444444444,1.7166666666666668
56,24.94736842105263,8.15263157894737,0.4076315789473684,1.02,1.9312500000000004,0.7198947368421053,1.0999999999999999,2.5000000000000004,1.905263157894737,0.7000000000000001,0.4,1.1789473684210525,1.826315789473684
57,25.19047619047619,7.342857142857143,0.4034285714285713,0.7866666666666667,2.1374999999999997,0.6905294117647058,1.0799999999999998,2.5428571428571427,1.7666666666666664,0.6476190476190476,0.38823529411764707,1.3299999999999998,1.8285714285714287
58,26.210526315789473,8.578947368421053,0.428421052631579,0.975,2.1875,0.7466315789473685,1.0421052631578949,2.7526315789473688,1.9263157894736842,0.6421052631578948,0.43684210526315786,1.2526315789473685,2.0052631578947366
59,27.055555555555557,8.588235294117647,0.45975000000000005,0.9272727272727272,2.028571428571429,0.6798823529411766,0.9200000000000002,2.6166666666666667,1.9250000000000003,0.5999999999999999,0.4666666666666667,1.1222222222222222,1.8187499999999999
60,27.19047619047619,9.205000000000002,0.44678947368421046,1.216666666666667,3.5277777777777772,0.7238500000000001,0.7947368421052633,2.7950000000000004,2.094736842105263,0.595,0.4000000000000001,1.165,1.7052631578947368
61,26.652173913043477,7.377272727272725,0.4403809523809524,1.064705882352941,2.7631578947368425,0.7066363636363636,0.7428571428571429,2.6,1.6600000000000001,0.6263157894736843,0.3555555555555555,0.881818181818182,1.6545454545454545
62,26.75,7.443478260869565,0.4233913043478261,0.9888888888888889,2.4904761904761905,0.7283181818181818,0.8090909090909091,2.454166666666667,1.9666666666666666,0.6849999999999999,0.41875,0.9695652173913042,1.5833333333333333
63,29.1875,8.306249999999999,0.4739375,1.0636363636363637,2.858333333333333,0.76875,0.8750000000000001,2.9062500000000004,1.69375,0.5312499999999999,0.4214285714285714,1.0124999999999997,1.6562499999999998
64,28.57894736842105,7.789473684210527,0.4783333333333332,0.9307692307692309,2.5,0.725578947368421,0.8789473684210526,2.363157894736842,1.6947368421052629,0.6333333333333333,0.43529411764705883,0.9789473684210526,1.6368421052631579
65,28.2,8.000000000000002,0.45906666666666673,0.927272727272727,2.390909090909091,0.7688,0.85,2.3266666666666667,1.9133333333333336,0.6733333333333333,0.45454545454545453,1.0533333333333335,1.5933333333333337
66,28.608695652173914,6.768181818181817,0.4446818181818182,0.7857142857142856,1.88125,0.7672000000000001,0.75,2.247619047619048,1.7099999999999997,0.5842105263157894,0.4750000000000001,1.0142857142857142,1.723809523809524
67,29.4375,7.424999999999999,0.4486875,0.8272727272727273,2.275,0.7576666666666667,0.8733333333333333,2.6599999999999997,1.7733333333333334,0.68125,0.5,1.1624999999999999,1.5375
68,28.444444444444443,7.91111111111111,0.46116666666666667,0.8857142857142858,2.1866666666666665,0.7813529411764707,0.8250000000000001,2.4333333333333336,1.7941176470588236,0.6058823529411765,0.39374999999999993,1.0823529411764705,1.6555555555555552
69,29.333333333333332,8.527777777777779,0.4504444444444445,0.7307692307692307,1.7062499999999998,0.7760555555555554,1.033333333333333,2.7722222222222226,1.6555555555555554,0.6611111111111111,0.56875,1.0333333333333334,1.8444444444444446
70,24.944444444444443,7.861111111111111,0.43700000000000006,0.9866666666666668,2.433333333333334,0.689529411764706,0.89375,2.3499999999999996,1.9611111111111112,0.66,0.4230769230769231,0.9777777777777779,1.488888888888889
71,25.833333333333332,8.876470588235293,0.47282352941176464,1.0857142857142856,2.826666666666666,0.7497058823529411,0.9750000000000001,2.705882352941177,2.0999999999999996,0.6647058823529411,0.41874999999999996,1.170588235294118,1.6176470588235297
72,25.473684210526315,8.336842105263159,0.49168421052631583,1.1076923076923078,2.5799999999999996,0.7578333333333336,0.9684210526315788,2.694736842105263,1.9105263157894736,0.6117647058823529,0.3999999999999999,1.1833333333333331,1.605263157894737
73,25.526315789473685,8.52222222222222,0.4290555555555556,0.8333333333333334,2.229411764705883,0.7544117647058824,0.9388888888888888,2.6,1.8736842105263154,0.65,0.46470588235294114,1.2277777777777779,1.8944444444444446
74,25.85,7.850000000000003,0.4313500000000001,0.79375,2.341176470588235,0.7454736842105263,0.994736842105263,2.4850000000000003,1.65,0.6368421052631579,0.42105263157894735,1.1400000000000001,1.9400000000000002
75,26.0,9.356250000000001,0.439875,1.1181818181818182,2.6230769230769235,0.7508125,1.125,2.8812499999999996,2.11875,0.7187500000000002,0.55,1.44375,2.2000000000000006
76,24.733333333333334,8.606666666666666,0.5096666666666667,1.0,2.2800000000000002,0.6809333333333334,1.0799999999999996,2.5400000000000005,1.8933333333333333,0.7466666666666667,0.6166666666666666,1.1999999999999997,1.7466666666666664
77,25.764705882352942,9.182352941176472,0.5148235294117648,0.9,2.472727272727273,0.6836874999999999,1.0999999999999999,3.0823529411764703,1.9647058823529415,0.7687500000000002,0.5937500000000001,1.376470588235294,1.7999999999999998
78,27.210526315789473,9.489473684210527,0.47884210526315796,1.1818181818181819,2.6076923076923078,0.743578947368421,0.9333333333333333,2.984210526315789,2.1941176470588237,0.6789473684210525,0.4722222222222222,1.3333333333333333,1.9631578947368424
79,27.615384615384617,9.653846153846153,0.46799999999999997,1.0571428571428572,2.13,0.7233076923076922,1.0230769230769232,2.9461538461538472,1.946153846153846,0.8000000000000002,0.5166666666666667,1.2846153846153845,2.1846153846153844
80,26.45,8.005263157894738,0.4130555555555555,1.2124999999999997,2.8199999999999994,0.7986666666666667,0.8470588235294118,2.710526315789474,1.7,0.6111111111111112,0.35625000000000007,1.0166666666666666,1.7888888888888888
81,26.318181818181817,8.338095238095237,0.45804761904761915,1.16,2.7555555555555555,0.783888888888889,0.8421052631578947,2.5857142857142854,2.068421052631579,0.6555555555555554,0.33529411764705885,1.21,1.7052631578947368
82,25.466666666666665,8.240000000000002,0.41986666666666667,0.881818181818182,2.292307692307692,0.7678666666666668,0.9000000000000001,2.7533333333333334,1.8,0.6000000000000002,0.33076923076923076,1.0214285714285716,1.4400000000000002
83,25.88235294117647,8.547058823529412,0.42788235294117644,1.0428571428571431,2.7400000000000007,0.7397058823529413,0.95625,2.705882352941176,1.7875,0.5812500000000002,0.3692307692307692,1.0235294117647058,1.6058823529411763
84,27.0,8.254999999999999,0.40700000000000003,0.8529411764705882,2.641176470588235,0.7838823529411765,0.9999999999999998,2.565,2.275,0.6399999999999999,0.48125,1.1700000000000002,1.6350000000000002
85,25.6,7.993333333333331,0.4214,0.6749999999999999,2.1916666666666664,0.7034,1.1133333333333333,2.4266666666666667,1.7600000000000002,0.6666666666666665,0.43846153846153846,1.1733333333333331,1.7200000000000002
86,25.875,8.40625,0.46106249999999993,0.8083333333333335,2.1999999999999997,0.7045624999999999,0.99375,2.6,1.9812500000000002,0.63125,0.41875,1.2500000000000002,1.85625
87,27.071428571428573,7.885714285714286,0.42435714285714293,0.6399999999999999,1.7363636363636366,0.7095,0.9642857142857143,2.471428571428571,1.6285714285714283,0.6214285714285713,0.39230769230769236,1.2642857142857142,1.7428571428571424
88,27.23076923076923,8.976923076923079,0.46176923076923077,0.7555555555555556,2.011111111111111,0.6776153846153845,1.0692307692307692,2.5384615384615383,1.9538461538461542,0.6846153846153846,0.40833333333333327,1.1615384615384616,1.8923076923076922
89,26.857142857142858,8.957142857142857,0.4527142857142858,0.62,1.95,0.7037142857142857,1.1642857142857144,2.5285714285714285,1.9428571428571428,0.6785714285714286,0.3846153846153847,1.2285714285714284,2.1142857142857143
90,27.41176470588235,9.117647058823529,0.4963529411764706,1.3916666666666666,3.3538461538461544,0.7553125000000002,0.8529411764705883,3.047058823529411,2.2588235294117647,0.6562500000000001,0.6466666666666665,1.1117647058823528,1.8588235294117645
91,28.0,9.318750000000001,0.5165625,1.6444444444444446,2.6066666666666674,0.7643125,0.7062500000000002,2.7588235294117647,2.41875,0.65625,0.6333333333333333,1.2250000000000003,1.6250000000000002
92,27.88235294117647,8.182352941176468,0.4880588235294118,1.7,3.033333333333333,0.7068823529411765,0.81875,2.6941176470588233,2.3000000000000003,0.6882352941176471,0.5294117647058822,1.0764705882352943,1.5705882352941176
93,27.375,8.393749999999999,0.4938749999999999,1.4300000000000002,3.1545454545454543,0.7040666666666665,0.8562500000000001,2.8187500000000005,2.2,0.6466666666666667,0.5,1.0875000000000001,1.6812500000000001
94,26.733333333333334,8.513333333333334,0.48206666666666664,1.2999999999999998,3.255555555555555,0.7168666666666667,0.9066666666666665,2.7733333333333334,2.0466666666666664,0.72,0.5333333333333333,1.1066666666666667,1.6800000000000002
95,26.333333333333332,7.316666666666667,0.42823529411764705,1.0727272727272728,2.6999999999999997,0.6691666666666666,0.8764705882352941,2.6705882352941175,1.89375,0.61875,0.47142857142857153,1.24375,1.711764705882353
96,25.125,7.375,0.4537333333333333,1.2,2.4222222222222225,0.6927499999999999,0.9285714285714287,2.6062499999999997,1.6687500000000002,0.557142857142857,0.4214285714285714,1.1312499999999999,1.7249999999999999
97,25.7,8.05263157894737,0.46415789473684205,1.2888888888888888,2.6999999999999997,0.6925555555555555,0.8750000000000002,2.5526315789473686,1.9166666666666667,0.7333333333333333,0.5866666666666667,1.2,2.0421052631578944
98,25.823529411764707,7.823529411764704,0.45182352941176473,1.1875,2.7222222222222223,0.6616470588235295,1.0647058823529412,2.358823529411765,1.6529411764705881,0.7176470588235295,0.49999999999999994,1.1117647058823532,1.9235294117647062
99,26.35,11.015,0.4903999999999999,1.1666666666666665,2.670588235294118,0.7174736842105263,1.1388888888888888,3.1399999999999997,2.3449999999999998,0.9473684210526315,0.5764705882352942,1.431578947368421,2.5049999999999994
100,27.391304347826086,8.034782608695652,0.42226086956521747,1.3789473684210527,3.7809523809523813,0.7295555555555555,0.8900000000000002,2.518181818181818,1.6300000000000001,0.694736842105263,0.47777777777777786,0.9950000000000001,2.0761904761904764
101,28.0,7.552173913043478,0.41100000000000003,1.5066666666666668,3.6052631578947367,0.7406842105263158,0.82,2.3625000000000003,1.518181818181818,0.7277777777777777,0.52,1.1181818181818182,1.8565217391304343
102,26.0,8.772222222222224,0.4528333333333333,1.4615384615384615,3.3625000000000003,0.7432222222222222,0.9235294117647059,2.5277777777777772,1.8277777777777777,0.6588235294117646,0.39999999999999997,1.176470588235294,1.7222222222222223
103,27.055555555555557,8.605882352941178,0.45982352941176474,1.0384615384615385,2.8928571428571432,0.7043529411764705,0.9937499999999999,2.572222222222222,1.7470588235294116,0.8176470588235293,0.4624999999999999,1.3411764705882352,1.9764705882352942
104,26.65,7.824999999999998,0.4208,1.1066666666666665,3.1125,0.6317,1.063157894736842,2.5599999999999996,1.6150000000000002,0.7833333333333333,0.5562499999999999,1.2300000000000002,1.855
105,25.38888888888889,8.649999999999999,0.44177777777777777,1.2461538461538462,2.9133333333333336,0.6886428571428571,0.9875,2.9000000000000004,1.8866666666666665,0.66875,0.5599999999999999,1.2333333333333334,1.7666666666666666
106,24.3,7.514999999999999,0.44609999999999994,1.1357142857142857,2.73125,0.7474736842105264,0.9555555555555555,2.28,1.6349999999999998,0.6450000000000001,0.4294117647058823,1.23,1.6368421052631579
107,25.789473684210527,7.378947368421052,0.4570000000000001,0.8666666666666667,2.3000000000000003,0.7175882352941176,0.938888888888889,2.578947368421053,1.7611111111111117,0.6352941176470589,0.4764705882352941,1.1055555555555558,1.6842105263157894
108,25.85,8.455555555555556,0.44649999999999995,0.9583333333333331,2.5916666666666672,0.7439444444444443,0.9611111111111111,2.55,1.8421052631578947,0.6250000000000001,0.4722222222222222,1.094444444444444,1.6842105263157894
109,25.952380952380953,7.504761904761906,0.4098571428571429,0.85,1.9625000000000004,0.6897368421052632,1.0736842105263158,2.2142857142857135,1.5000000000000004,0.6277777777777779,0.3526315789473684,1.1700000000000002,1.7380952380952381
110,25.529411764705884,8.825,0.44556250000000003,0.8933333333333332,2.2874999999999996,0.7292000000000002,0.711764705882353,2.605882352941176,2.0117647058823525,0.7125,0.4466666666666667,1.10625,1.6375000000000002
111,25.842105263157894,7.776470588235293,0.488235294117647,0.7714285714285714,1.9666666666666663,0.7738,0.85625,2.3833333333333333,1.68125,0.6687499999999998,0.4230769230769231,0.9625,1.5111111111111108
112,26.9375,8.118749999999999,0.43943750000000004,0.9545454545454544,2.308333333333333,0.763,0.7666666666666667,2.6875,1.86875,0.6124999999999999,0.4538461538461539,1.0875000000000001,1.5875000000000001
113,25.9375,8.137500000000001,0.4845,0.881818181818182,2.358333333333334,0.7132000000000001,0.88125,2.853333333333333,1.94,0.7599999999999999,0.42857142857142855,1.2266666666666668,1.6624999999999999
114,27.8125,8.918750000000001,0.43943750000000004,0.9769230769230769,2.707692307692307,0.7324375000000001,0.8687499999999999,2.9625,2.0000000000000004,0.5625,0.41428571428571426,1.24375,1.8562499999999995
115,27.176470588235293,7.699999999999998,0.4370588235294117,0.7583333333333333,1.8214285714285714,0.7394705882352941,0.9058823529411765,2.888235294117646,1.5235294117647058,0.5125000000000001,0.45999999999999996,1.1764705882352942,1.5941176470588234
116,25.8125,7.473333333333334,0.4001333333333334,0.7636363636363637,2.0416666666666665,0.7380666666666666,1.0,2.4687500000000004,1.4875,0.6000000000000002,0.5071428571428572,1.1666666666666667,1.6200000000000003
117,26.6,7.7733333333333325,0.4264666666666666,0.8333333333333334,2.0,0.7208666666666667,1.0666666666666667,2.6266666666666665,1.5266666666666668,0.7133333333333334,0.47500000000000003,1.1357142857142857,1.8266666666666667
118,26.133333333333333,8.399999999999999,0.4302,0.9199999999999999,2.2416666666666667,0.7470000000000001,0.9466666666666667,2.813333333333333,1.7666666666666664,0.6333333333333333,0.5307692307692308,1.3000000000000003,1.9933333333333334
119,26.466666666666665,8.906666666666666,0.4250666666666667,0.9363636363636363,2.0133333333333336,0.7332857142857142,1.0499999999999998,2.8800000000000003,1.9333333333333333,0.68,0.4857142857142857,1.342857142857143,2.113333333333333
120,27.136363636363637,8.209090909090909,0.44345454545454555,1.1599999999999997,2.3947368421052633,0.7103181818181817,0.8,2.8318181818181816,1.704761904761905,0.5045454545454545,0.3428571428571428,1.0619047619047617,1.9590909090909088
121,26.571428571428573,9.842857142857142,0.4775238095238096,1.2375000000000003,2.936842105263158,0.772809523809524,0.8600000000000001,2.942857142857143,1.980952380952381,0.75,0.39499999999999996,1.2571428571428571,1.8666666666666665
122,29.533333333333335,8.686666666666667,0.43966666666666676,1.0909090909090908,2.6999999999999997,0.7820714285714285,0.757142857142857,2.766666666666667,1.9714285714285715,0.6642857142857144,0.36428571428571427,1.02,1.7571428571428573
123,28.833333333333332,8.027777777777777,0.48872222222222217,0.9461538461538462,2.4428571428571435,0.751235294117647,0.7411764705882353,2.6166666666666667,1.9499999999999997,0.7866666666666666,0.5176470588235293,1.0937500000000002,1.7444444444444442
124,28.05,7.044999999999999,0.42374999999999996,0.9249999999999999,2.1888888888888887,0.7598947368421054,0.6647058823529413,2.15,1.6650000000000003,0.5849999999999999,0.41428571428571426,0.9055555555555556,1.525
125,28.55,7.660000000000001,0.4403499999999999,0.9133333333333333,2.51875,0.6913333333333335,0.8,2.365,1.7789473684210524,0.705,0.3812499999999999,1.0578947368421052,1.7699999999999996
126,29.133333333333333,8.06,0.45919999999999994,0.8818181818181817,2.4636363636363634,0.7143571428571429,0.9461538461538462,2.353333333333333,1.9866666666666666,0.8071428571428572,0.5083333333333334,1.1714285714285713,1.8071428571428574
127,27.22222222222222,7.5,0.3946111111111111,0.9461538461538461,2.507142857142857,0.7017222222222224,0.9499999999999997,2.1888888888888887,1.6111111111111114,0.6823529411764706,0.4124999999999999,1.0444444444444445,1.772222222222222
128,26.235294117647058,8.74705882352941,0.4444705882352941,0.9,2.3692307692307697,0.7301176470588234,0.9176470588235294,2.5647058823529414,2.18125,0.6058823529411765,0.4928571428571428,1.3647058823529412,1.935294117647059
129,27.05263157894737,7.955555555555555,0.4385555555555556,0.7583333333333333,1.7,0.7205882352941176,1.076470588235294,2.6611111111111114,2.0705882352941183,0.5722222222222223,0.5333333333333333,1.388235294117647,1.7111111111111112
130,25.954545454545453,8.923809523809524,0.4596666666666666,1.08125,2.64,0.7024761904761905,0.9476190476190476,3.071428571428572,2.176190476190476,0.6409090909090909,0.5157894736842106,1.2476190476190476,1.7904761904761906
131,25.5,7.516666666666666,0.4364999999999999,1.0823529411764705,2.5761904761904764,0.7255909090909091,0.9000000000000002,2.6500000000000004,1.973913043478261,0.6590909090909091,0.4250000000000001,1.2318181818181817,1.7476190476190478
132,26.72222222222222,8.466666666666667,0.4527222222222222,0.9142857142857144,2.4866666666666664,0.7346666666666667,0.9222222222222223,2.6222222222222222,1.7944444444444447,0.7222222222222222,0.3647058823529412,1.2000000000000002,1.738888888888889
133,27.066666666666666,8.226666666666667,0.41793333333333343,0.9899999999999999,2.963636363636364,0.7547999999999999,0.9466666666666668,2.8333333333333335,1.5266666666666668,0.6400000000000001,0.38,1.0933333333333335,1.8266666666666667
134,25.88888888888889,9.43888888888889,0.41138888888888886,1.1454545454545455,3.141666666666666,0.7234705882352942,0.9823529411764705,2.941176470588235,2.2294117647058824,0.7411764705882353,0.43846153846153846,1.3944444444444444,1.9166666666666667
135,27.263157894736842,10.277777777777779,0.43916666666666665,1.1333333333333333,2.86875,0.7515555555555555,0.7842105263157895,3.1777777777777785,2.857894736842105,0.7631578947368421,0.4722222222222221,1.7944444444444447,1.9166666666666667
136,28.25,9.528571428571428,0.4350714285714285,1.0272727272727271,2.292857142857143,0.7095,1.1,3.0399999999999996,2.1399999999999997,0.6923076923076924,0.5749999999999998,1.4357142857142857,1.7857142857142858
137,27.764705882352942,8.005882352941178,0.4419411764705882,0.6083333333333334,1.4500000000000002,0.7606875,1.0411764705882351,2.6647058823529415,1.9352941176470588,0.5375,0.6583333333333333,1.2647058823529413,1.5187500000000003
138,29.0625,7.487500000000001,0.41862499999999997,0.69,1.9700000000000006,0.7831333333333333,1.0199999999999998,2.546666666666667,1.6266666666666671,0.5928571428571429,0.5307692307692308,1.0133333333333334,1.5374999999999999
139,27.615384615384617,9.023076923076925,0.43446153846153845,0.7200000000000001,1.8909090909090909,0.7044615384615385,1.1076923076923078,2.8999999999999995,1.8769230769230771,0.6307692307692307,0.49166666666666653,1.1615384615384619,1.7384615384615385
140,26.892857142857142,8.775,0.44010714285714286,0.9695652173913046,2.767999999999999,0.7741153846153845,0.8840000000000002,2.9230769230769225,2.0461538461538464,0.7222222222222224,0.5304347826086956,1.1666666666666665,1.996296296296296
141,25.458333333333332,8.491666666666667,0.44608333333333333,1.0944444444444443,2.9631578947368418,0.7180000000000001,0.8772727272727271,2.3833333333333333,2.169565217391304,0.8173913043478261,0.43636363636363634,1.2791666666666668,1.9913043478260872
142,27.235294117647058,8.10588235294118,0.424764705882353,0.8066666666666666,2.4533333333333336,0.7476470588235294,0.8529411764705882,2.6058823529411765,1.7529411764705884,0.6823529411764706,0.3588235294117647,1.0588235294117645,1.9411764705882353
143,27.857142857142858,7.4444444444444455,0.4417407407407407,0.6526315789473683,1.708695652173913,0.7263461538461539,0.9923076923076924,2.266666666666667,1.8076923076923075,0.8,0.41666666666666674,1.1159999999999999,1.7653846153846149
144,27.68421052631579,7.5166666666666675,0.4836111111111111,0.5692307692307692,1.4933333333333332,0.7545,0.8705882352941177,2.4705882352941173,1.611111111111111,0.7222222222222223,0.35,1.0470588235294118,1.5777777777777782
145,26.88888888888889,7.935294117647059,0.4588235294117647,0.5923076923076924,1.513333333333333,0.730529411764706,0.9875,2.4176470588235297,1.8176470588235298,0.6529411764705882,0.40624999999999994,1.111764705882353,1.6294117647058823
146,25.5,6.864999999999999,0.4224,0.6230769230769231,1.4750000000000005,0.713421052631579,1.061111111111111,2.1900000000000004,1.4999999999999998,0.6263157894736842,0.5714285714285714,0.9799999999999999,1.5900000000000003
147,26.529411764705884,7.39375,0.42425000000000007,0.49999999999999994,1.2571428571428573,0.7155625,1.12,2.4466666666666668,1.5125,0.8642857142857145,0.46153846153846145,1.1312499999999999,1.6875
148,25.473684210526315,6.8999999999999995,0.42700000000000005,0.53,1.05,0.722470588235294,0.9055555555555554,2.166666666666666,1.5999999999999999,0.6842105263157897,0.43749999999999994,1.070588235294118,1.6055555555555556
149,25.0,7.864705882352941,0.4735294117647059,0.5444444444444445,1.3454545454545455,0.7006874999999999,1.05,2.3352941176470585,1.7933333333333334,0.7666666666666667,0.4923076923076923,1.275,1.82
150,27.333333333333332,8.399999999999999,0.414235294117647,1.369230769230769,3.0823529411764703,0.677235294117647,0.8777777777777778,2.88235294117647,2.0705882352941174,0.7125,0.5230769230769231,1.21875,1.8312499999999998
151,26.42105263157895,8.057894736842107,0.4162105263157894,0.9470588235294116,2.6888888888888887,0.7235294117647059,0.8222222222222222,2.6789473684210523,1.8277777777777782,0.6411764705882353,0.47777777777777786,1.068421052631579,1.626315789473684
152,26.6,9.546666666666669,0.4360666666666667,1.1250000000000002,2.7499999999999996,0.7000666666666667,0.9933333333333334,3.113333333333333,2.0933333333333337,0.7266666666666667,0.49333333333333335,1.2133333333333336,2.013333333333333
153,28.57894736842105,8.272222222222222,0.48850000000000005,0.7461538461538463,2.064285714285714,0.7451176470588234,0.85625,2.827777777777778,1.8421052631578945,0.6411764705882353,0.5866666666666667,1.2624999999999997,1.6052631578947372
154,27.523809523809526,8.095238095238097,0.43085714285714277,0.736842105263158,2.06,0.7314999999999999,0.8315789473684211,2.5523809523809526,1.6761904761904762,0.7250000000000001,0.45000000000000007,1.2142857142857142,1.9095238095238096
155,30.0,7.566666666666666,0.49677777777777776,0.8615384615384616,2.185714285714286,0.7758235294117647,0.711764705882353,2.28235294117647,2.028571428571429,0.7312500000000001,0.39999999999999997,1.0823529411764705,1.647058823529412
156,29.77777777777778,6.999999999999999,0.4605555555555555,0.9363636363636363,2.0615384615384613,0.7214375000000001,0.74375,2.2,1.71875,0.7285714285714286,0.4933333333333333,0.9888888888888887,1.4555555555555555
157,28.4375,7.606249999999999,0.437125,0.7777777777777777,1.9300000000000004,0.7173999999999999,0.8937499999999999,2.5624999999999996,1.525,0.7266666666666665,0.5214285714285716,1.19375,1.71875
158,30.294117647058822,7.805882352941175,0.45735294117647063,0.9500000000000002,2.52,0.7438750000000001,0.8588235294117648,2.8705882352941177,1.61875,0.5933333333333335,0.4571428571428572,1.111764705882353,1.829411764705883
159,27.333333333333332,7.913333333333332,0.41773333333333335,0.8400000000000002,2.44,0.7336923076923075,0.9800000000000001,2.6666666666666665,1.8384615384615386,0.6333333333333333,0.48571428571428577,1.0866666666666667,2.006666666666667
160,26.541666666666668,7.516666666666668,0.428,0.9375000000000001,2.6958333333333333,0.7537727272727274,0.8099999999999999,2.9,1.7625000000000002,0.6100000000000001,0.45499999999999996,0.9565217391304349,1.3826086956521741
161,26.0,7.158333333333334,0.43895833333333334,0.85,1.9636363636363638,0.7406086956521739,0.708695652173913,2.365217391304348,1.669565217391304,0.631818181818182,0.4222222222222221,0.9125,1.5624999999999998
162,26.0,8.28235294117647,0.4453529411764706,0.8571428571428571,2.2800000000000002,0.7352500000000001,0.7666666666666665,2.5,2.0437499999999997,0.6647058823529411,0.4937500000000001,1.2,1.6333333333333337
163,24.647058823529413,7.811764705882352,0.42176470588235293,0.7153846153846153,2.153846153846154,0.7728235294117649,0.914285714285714,2.529411764705882,2.0875,0.7125000000000001,0.6,1.3187499999999999,1.7823529411764707
164,24.85,7.840000000000002,0.4518,0.8083333333333332,2.007142857142857,0.7072,0.9200000000000002,2.5100000000000002,2.0149999999999997,0.845,0.488235294117647,1.3842105263157898,1.8699999999999999
165,25.57894736842105,8.647368421052633,0.4562105263157895,1.04,2.4916666666666667,0.7358333333333333,1.147368421052632,2.8277777777777775,1.9500000000000002,0.6277777777777778,0.5499999999999999,1.3705882352941179,2.0941176470588236
166,26.72222222222222,7.605555555555556,0.42861111111111105,0.8083333333333335,2.3000000000000003,0.6839999999999999,1.0611111111111111,2.505555555555555,1.772222222222222,0.6444444444444444,0.5411764705882353,1.0888888888888888,1.6166666666666667
167,25.764705882352942,8.617647058823529,0.424,0.86,1.7733333333333337,0.7303125,1.1437499999999998,2.794117647058823,2.117647058823529,0.78125,0.6357142857142858,1.2647058823529411,1.811764705882353
168,27.294117647058822,8.343750000000002,0.42987500000000006,0.7636363636363637,1.9615384615384615,0.7888666666666669,1.1428571428571428,2.7125,1.66875,0.675,0.47333333333333333,1.0812499999999998,1.8812499999999999
169,27.736842105263158,7.610526315789472,0.4157368421052632,0.9166666666666665,2.335714285714286,0.7554705882352942,0.9555555555555553,2.2894736842105265,1.6166666666666665,0.6176470588235294,0.39999999999999997,1.0,1.7473684210526317
170,26.904761904761905,9.357142857142858,0.44038095238095243,0.9500000000000002,2.6333333333333333,0.7834736842105263,0.9157894736842106,2.5333333333333337,2.1857142857142855,0.8095238095238095,0.461111111111111,1.0238095238095237,1.7050000000000005
171,27.0,8.4125,0.48643749999999997,0.7214285714285714,1.957142857142857,0.7651428571428572,0.8428571428571427,2.5285714285714285,1.8733333333333329,0.7466666666666667,0.43999999999999995,1.0615384615384615,1.4933333333333332
172,25.6875,8.1625,0.43675,0.7999999999999999,1.9857142857142855,0.7525333333333334,1.0071428571428573,2.613333333333333,1.9466666666666665,0.7266666666666666,0.43846153846153846,1.153333333333333,1.8133333333333332
173,27.0625,7.8,0.45474999999999993,0.5833333333333334,1.5846153846153848,0.7583749999999999,0.7625,2.5062499999999996,1.8999999999999997,0.6124999999999998,0.43333333333333335,1.14375,1.7937500000000002
174,25.96,8.554166666666665,0.44508333333333333,0.6687500000000001,1.6849999999999998,0.7648333333333334,1.0695652173913042,2.696,2.045833333333333,0.7791666666666665,0.48235294117647054,1.1791666666666667,1.8291666666666668
175,26.0,8.094117647058823,0.43768750000000006,0.75,1.9785714285714284,0.7571875,1.1400000000000001,2.617647058823529,1.7000000000000004,0.7133333333333334,0.5000000000000001,1.0294117647058825,1.4529411764705884
176,26.736842105263158,8.1,0.42083333333333334,0.781818181818182,2.186666666666667,0.7006842105263158,1.1722222222222223,2.9444444444444446,2.0,0.7833333333333332,0.5000000000000001,1.3117647058823527,1.6105263157894738
177,24.866666666666667,8.993333333333332,0.42186666666666667,0.8083333333333335,2.375,0.7513333333333333,1.1333333333333333,2.8933333333333335,2.013333333333333,0.6466666666666667,0.46428571428571436,1.4466666666666665,1.7666666666666664
178,23.764705882352942,8.429411764705883,0.43382352941176483,0.8076923076923077,1.942857142857143,0.722375,1.1062500000000002,2.5058823529411764,1.6764705882352942,0.6352941176470588,0.4928571428571429,1.4588235294117646,1.8882352941176472
179,25.0625,7.893333333333333,0.4435333333333334,0.6111111111111112,1.4909090909090907,0.7375,1.0666666666666667,2.6666666666666665,1.5375000000000003,0.6466666666666666,0.4153846153846153,1.2666666666666666,1.82
180,25.85,9.725,0.42960000000000004,1.0555555555555558,2.855,0.751,0.99,3.2,2.2150000000000003,0.7111111111111111,0.5750000000000001,1.24,1.8749999999999996
181,28.08695652173913,7.3,0.4111739130434782,0.9222222222222223,2.368421052631579,0.7088947368421052,0.8350000000000002,2.7809523809523804,2.0333333333333328,0.636842105263158,0.5055555555555554,1.1095238095238096,1.5909090909090908
182,25.846153846153847,8.703846153846154,0.46019230769230773,1.0045454545454546,2.5625000000000004,0.7334347826086957,0.8136363636363636,2.9500000000000006,1.9666666666666666,0.6958333333333334,0.4750000000000001,1.2173913043478262,1.7923076923076922
183,26.666666666666668,9.765,0.4326,1.10625,2.716666666666667,0.7255263157894736,0.9,3.189473684210526,2.414285714285714,0.7619047619047619,0.35555555555555546,1.3550000000000002,1.9857142857142855
184,25.476190476190474,7.190476190476191,0.3924285714285715,0.9230769230769231,1.927777777777778,0.7183529411764706,0.9624999999999999,2.2142857142857144,1.9333333333333331,0.5850000000000001,0.5562499999999999,1.0599999999999998,1.6095238095238098
185,25.571428571428573,8.1,0.4436,1.0454545454545454,2.433333333333333,0.7069999999999999,1.1166666666666665,2.5142857142857147,1.7684210526315791,0.6777777777777778,0.6055555555555555,1.03,1.9857142857142855
186,24.736842105263158,6.977777777777778,0.44122222222222224,0.8777777777777778,1.8416666666666668,0.7541764705882353,1.05,2.49375,1.588235294117647,0.6000000000000001,0.48000000000000004,1.0722222222222222,1.7117647058823526
187,25.454545454545453,7.6499999999999995,0.4455454545454545,0.6100000000000001,1.5692307692307694,0.7173809523809523,0.990909090909091,2.545454545454545,1.7523809523809522,0.7238095238095237,0.5,1.3818181818181818,1.9227272727272726
188,26.57894736842105,6.915789473684209,0.43261111111111117,0.8200000000000001,1.8153846153846156,0.736470588235294,0.8529411764705882,2.2526315789473683,1.4947368421052631,0.6000000000000001,0.4235294117647059,0.9526315789473683,1.6842105263157894
189,27.8125,8.425,0.489375,1.1333333333333333,2.5818181818181825,0.7477333333333334,1.0285714285714287,2.5312499999999996,2.1125,0.7200000000000001,0.34,1.15625,1.8437499999999998
190,24.73913043478261,8.956521739130435,0.427217391304348,0.9736842105263158,2.920000000000001,0.7703913043478261,0.9363636363636363,2.8391304347826085,2.0217391304347827,0.6318181818181817,0.4636363636363636,1.1478260869565218,1.78695652173913
191,25.857142857142858,8.384999999999998,0.45260000000000006,0.8058823529411763,2.2055555555555553,0.7350500000000001,0.8300000000000001,2.62,1.9700000000000002,0.595,0.44210526315789467,1.185,1.6999999999999997
192,26.625,8.425,0.44068749999999995,0.9083333333333332,2.2714285714285714,0.748375,1.05,2.775,1.8562500000000002,0.6062500000000001,0.4866666666666666,1.1312499999999999,1.7625
193,26.75,7.575,0.47825,0.7749999999999999,2.0076923076923077,0.7872666666666668,0.8785714285714284,2.7333333333333334,1.7071428571428569,0.4928571428571429,0.4928571428571428,1.0466666666666666,1.61875
194,27.25,9.185,0.4250499999999999,0.8874999999999998,2.3705882352941177,0.7605,1.0450000000000002,2.8499999999999996,2.1,0.685,0.48333333333333317,1.4100000000000001,2.025
195,28.22222222222222,7.876470588235295,0.45300000000000007,1.0363636363636362,2.8363636363636364,0.73,0.9235294117647058,2.564705882352942,1.6470588235294117,0.6529411764705882,0.5499999999999999,1.0588235294117647,1.9058823529411764
196,31.31578947368421,8.733333333333333,0.4292222222222222,1.2083333333333333,3.3833333333333333,0.6959444444444444,1.510526315789474,3.289473684210526,1.5111111111111108,0.7187500000000001,0.46470588235294125,1.094736842105263,1.8473684210526313
197,26.88235294117647,8.762500000000001,0.4378749999999999,0.8428571428571427,2.5500000000000003,0.7441875,0.9588235294117647,2.6588235294117655,1.9625,0.89375,0.39999999999999997,1.364705882352941,1.9705882352941178
198,25.95,9.059999999999999,0.44575,1.0125,2.611764705882353,0.739578947368421,0.9736842105263156,2.5300000000000002,1.9947368421052631,0.675,0.5588235294117647,1.2349999999999999,2.078947368421052
199,25.8,9.025,0.43595000000000006,1.092857142857143,2.6941176470588233,0.7647894736842106,1.0750000000000002,2.735,2.177777777777778,0.7157894736842106,0.38888888888888884,1.36,2.0
200,25.11111111111111,9.16,0.4332666666666666,1.0999999999999999,2.9200000000000004,0.7228666666666667,0.9687499999999999,2.9066666666666667,1.8466666666666667,0.7533333333333334,0.4428571428571429,1.0666666666666667,1.9466666666666663
201,26.705882352941178,7.682352941176472,0.4651176470588235,1.0,2.8153846153846156,0.6586666666666667,1.06,2.3764705882352946,1.6,0.8066666666666665,0.4846153846153846,0.9705882352941179,1.588235294117647
202,25.94736842105263,8.005263157894737,0.44321052631578955,0.84375,2.4411764705882355,0.7221764705882353,1.0166666666666666,2.731578947368421,1.510526315789474,0.6333333333333333,0.47058823529411764,1.088888888888889,1.711111111111111
203,27.235294117647058,7.858823529411764,0.46541176470588236,0.9000000000000001,2.292857142857143,0.7358,0.9312499999999998,2.558823529411765,1.9714285714285715,0.5933333333333334,0.49333333333333323,1.1588235294117646,1.5588235294117647
204,25.523809523809526,8.909523809523808,0.4141428571428572,0.875,2.444444444444444,0.7178421052631578,1.0761904761904761,2.9142857142857146,1.7380952380952377,0.6421052631578947,0.5117647058823529,1.204761904761905,1.9047619047619055
205,27.22222222222222,7.905882352941177,0.4695625,1.0000000000000002,2.0933333333333333,0.6978666666666666,0.9214285714285715,2.7187499999999996,1.7875000000000003,0.7533333333333335,0.5461538461538461,1.1705882352941175,1.7722222222222221
206,25.75,7.51875,0.4455625,0.8,1.9916666666666665,0.7621333333333333,0.8125,2.4625,1.5500000000000003,0.65,0.6461538461538462,1.0750000000000002,1.54375
207,26.125,7.475,0.4610625,0.9099999999999999,2.5799999999999996,0.7376666666666666,0.8200000000000001,2.3875000000000006,1.5466666666666669,0.64,0.8,1.2000000000000002,1.6124999999999998
208,25.166666666666668,7.644444444444444,0.4535000000000001,0.8888888888888888,2.3400000000000003,0.7277058823529412,1.06875,2.6444444444444444,1.4705882352941178,0.6437500000000002,0.5785714285714286,1.0941176470588234,2.038888888888889
209,25.166666666666668,7.077777777777778,0.4778888888888889,0.7875,1.6363636363636365,0.7638,0.9166666666666666,2.4176470588235293,1.6800000000000002,0.7000000000000001,0.5769230769230769,1.111764705882353,1.7777777777777777
210,24.941176470588236,7.841176470588236,0.4481764705882353,0.9714285714285714,2.6,0.7295625,0.8411764705882353,2.7529411764705882,2.0529411764705885,0.5352941176470588,0.55,1.0,1.6375
211,25.263157894736842,8.452631578947368,0.44678947368421046,0.9647058823529411,2.788235294117647,0.7561111111111112,0.7105263157894737,2.752631578947369,2.0588235294117645,0.6526315789473683,0.48750000000000004,1.1263157894736842,1.6368421052631579
212,25.473684210526315,7.683333333333333,0.4087222222222222,0.8733333333333334,2.4875000000000003,0.7890666666666667,0.7105263157894736,2.484210526315789,1.6111111111111112,0.61875,0.5166666666666667,0.9684210526315791,1.4999999999999996
213,24.88235294117647,8.200000000000001,0.42217647058823526,0.7999999999999999,2.04375,0.7703529411764706,0.9249999999999998,2.747058823529412,1.9294117647058826,0.6823529411764706,0.5384615384615385,1.1117647058823528,1.764705882352941
214,24.933333333333334,8.266666666666666,0.43906666666666666,0.6923076923076922,1.907142857142857,0.7010000000000001,0.88,2.8066666666666666,1.76,0.6933333333333332,0.3923076923076923,1.2466666666666666,1.9133333333333333
215,24.875,7.9125,0.424,0.8100000000000002,2.1818181818181817,0.738625,0.9933333333333335,2.86875,1.6875000000000002,0.6866666666666668,0.4923076923076923,1.22,1.8625000000000003
216,25.27777777777778,8.594444444444443,0.42877777777777787,0.8153846153846155,2.4285714285714293,0.7023888888888887,0.9333333333333331,2.9111111111111114,2.261111111111111,0.6055555555555556,0.41874999999999996,1.3166666666666669,1.822222222222222
217,26.625,7.4125,0.41618750000000004,1.0818181818181818,2.2133333333333334,0.6868666666666667,0.93125,2.5124999999999997,1.6125000000000003,0.5937500000000001,0.3999999999999999,1.2125000000000001,1.5250000000000004
218,28.41176470588235,9.035294117647059,0.4312941176470587,1.3499999999999999,3.1857142857142855,0.6929375,0.9235294117647058,2.9823529411764698,1.8352941176470585,0.6470588235294118,0.4928571428571429,1.3117647058823527,1.9941176470588236
219,27.833333333333332,9.666666666666666,0.47058333333333335,1.2777777777777777,3.1100000000000003,0.7827500000000001,0.9249999999999999,3.0750000000000006,1.9083333333333334,0.575,0.7250000000000001,1.2833333333333334,1.875
220,25.846153846153847,9.196153846153846,0.4535384615384616,1.0000000000000002,2.638461538461539,0.7479200000000001,0.9840000000000002,3.0461538461538464,2.0000000000000004,0.6423076923076925,0.5238095238095237,1.1320000000000001,1.9884615384615383
221,25.304347826086957,7.539130434782609,0.43860869565217386,1.0294117647058822,2.25,0.7336190476190475,0.9842105263157894,2.7600000000000002,1.9142857142857144,0.6944444444444443,0.47777777777777763,1.0999999999999996,1.7818181818181822
222,24.714285714285715,9.385714285714288,0.4477142857142858,0.9611111111111114,2.705263157894737,0.7575000000000001,1.1315789473684212,2.9476190476190474,1.8799999999999997,0.7388888888888887,0.6052631578947367,1.4523809523809526,2.038095238095237
223,24.333333333333332,8.211111111111112,0.4227222222222222,0.8133333333333334,2.2058823529411766,0.6753333333333333,0.8411764705882352,2.7722222222222226,1.9222222222222223,0.7176470588235295,0.54375,1.4444444444444446,1.8499999999999999
224,23.88,7.962500000000001,0.4045416666666666,0.9833333333333333,2.6545454545454543,0.6472083333333333,1.008333333333333,2.5916666666666663,2.2208333333333337,0.8391304347826087,0.4476190476190477,1.6083333333333332,1.8791666666666667
225,23.391304347826086,7.513636363636363,0.4425454545454545,0.7999999999999999,2.111111111111111,0.6882380952380952,1.0684210526315792,2.55,1.591304347826087,0.7619047619047619,0.4722222222222222,1.2434782608695654,1.956521739130435
226,25.529411764705884,7.258823529411765,0.4286470588235294,0.8272727272727274,2.0461538461538464,0.683625,0.9714285714285713,2.4812499999999997,1.811764705882353,0.6375,0.4571428571428572,1.0058823529411767,1.4941176470588236
227,26.125,7.1937500000000005,0.39699999999999996,0.6,1.616666666666667,0.713,0.9800000000000002,2.6625,1.70625,0.6571428571428571,0.5,0.925,1.6466666666666667
228,26.533333333333335,7.666666666666668,0.42813333333333325,0.7,1.5230769230769228,0.7277857142857144,0.8642857142857142,2.5600000000000005,1.7399999999999998,0.6615384615384615,0.45454545454545453,1.0142857142857145,1.7642857142857142
229,26.25,8.15,0.4386875,0.7272727272727273,1.9333333333333336,0.7377999999999999,0.9749999999999999,2.453333333333333,1.9714285714285713,0.7,0.4133333333333333,1.257142857142857,1.8466666666666667
230,25.458333333333332,8.477272727272727,0.433409090909091,1.16,2.9526315789473685,0.7374761904761904,0.786363636363636,2.7625000000000006,2.0500000000000003,0.809090909090909,0.4722222222222222,1.2727272727272727,2.0956521739130434
231,24.363636363636363,8.963636363636365,0.4326363636363636,0.9411764705882353,2.816666666666666,0.7446818181818183,0.8727272727272729,2.927272727272727,2.1818181818181817,0.7227272727272728,0.3909090909090908,1.4318181818181817,1.8863636363636367
232,25.666666666666668,8.155555555555555,0.41972222222222216,0.75,2.1125,0.7411666666666666,1.088235294117647,2.6888888888888896,1.5705882352941178,0.73125,0.44,1.1941176470588235,2.047058823529412
233,25.695652173913043,7.769565217391305,0.4116521739130435,0.8529411764705882,2.1904761904761907,0.7250454545454547,1.0476190476190472,2.6772727272727272,1.9476190476190471,0.7272727272727274,0.42105263157894735,1.4454545454545453,1.8043478260869565
234,25.695652173913043,7.031818181818181,0.3860909090909091,0.8933333333333332,2.0666666666666673,0.7220952380952381,0.8550000000000002,2.0782608695652174,1.465217391304348,0.6842105263157895,0.4,1.0999999999999999,1.4956521739130437
235,25.866666666666667,8.500000000000002,0.4567333333333333,1.06,2.627272727272727,0.7042,0.9133333333333333,2.573333333333333,1.6266666666666671,0.7285714285714285,0.36000000000000004,1.26,1.8199999999999998
236,26.25,7.6937500000000005,0.42418750000000005,0.6416666666666667,1.8384615384615386,0.6908666666666667,0.9874999999999999,2.5187500000000003,1.8374999999999997,0.7000000000000001,0.55,1.3733333333333333,1.7500000000000002
237,28.53846153846154,8.63846153846154,0.44607692307692304,0.76,2.0454545454545454,0.7759166666666668,0.9538461538461539,2.692307692307693,2.0076923076923077,0.6,0.5083333333333333,1.2153846153846153,1.6846153846153848
238,27.68421052631579,9.111111111111112,0.45433333333333337,1.2636363636363637,2.6499999999999995,0.7157222222222221,0.8888888888888891,2.527777777777778,1.961111111111111,0.6352941176470588,0.39411764705882346,1.1944444444444442,1.857894736842105
239,26.866666666666667,8.957142857142857,0.4666428571428572,1.1875,2.2090909090909094,0.7196428571428574,1.0,2.44,1.7857142857142858,0.5166666666666667,0.46153846153846156,1.1285714285714286,1.6533333333333333
240,24.555555555555557,8.711111111111112,0.46061111111111114,0.8470588235294116,2.261111111111111,0.744611111111111,0.9833333333333333,2.794444444444445,1.6722222222222216,0.5111111111111111,0.4124999999999999,1.0722222222222222,1.6388888888888886
241,24.125,8.00625,0.4995,1.008333333333333,2.357142857142857,0.7445333333333333,0.85,2.933333333333333,1.5266666666666666,0.6625,0.4428571428571429,1.0466666666666666,1.7000000000000002
242,24.333333333333332,9.300000000000002,0.45346666666666663,1.0166666666666666,2.357142857142857,0.7487142857142856,1.06,3.1666666666666665,1.9199999999999995,0.6466666666666667,0.5642857142857143,1.2533333333333332,1.9533333333333331
243,24.625,7.4937499999999995,0.43356249999999996,0.9153846153846152,2.5153846153846158,0.7668,0.8733333333333333,2.41875,1.6533333333333335,0.49999999999999994,0.4249999999999999,1.0375,1.5687500000000003
244,26.38888888888889,7.9944444444444445,0.4461666666666667,1.0142857142857145,2.742857142857143,0.7546470588235296,0.8444444444444446,2.827777777777778,1.6777777777777776,0.5333333333333334,0.3764705882352941,1.0888888888888888,1.666666666666667
245,25.4,8.26,0.4274666666666666,1.0699999999999998,2.441666666666667,0.7963333333333332,0.9999999999999999,2.753333333333333,1.8133333333333328,0.4333333333333334,0.3928571428571428,1.0733333333333335,1.6799999999999997
246,25.0,7.859999999999999,0.4128666666666667,1.0299999999999998,2.269230769230769,0.6835333333333334,0.8533333333333332,2.4399999999999995,1.9066666666666665,0.5733333333333334,0.38461538461538464,1.2199999999999998,1.6600000000000001
247,26.72222222222222,7.694444444444443,0.4781111111111111,0.9777777777777779,2.3636363636363638,0.7215294117647059,1.0999999999999999,2.594444444444444,1.7812499999999998,0.6555555555555556,0.4647058823529411,1.1833333333333333,1.7
248,27.444444444444443,7.250000000000002,0.4212222222222223,0.8777777777777778,1.9583333333333333,0.6902352941176471,1.1833333333333333,2.6999999999999997,1.6764705882352937,0.7333333333333333,0.523076923076923,1.1111111111111112,1.8444444444444446
249,25.789473684210527,8.127777777777776,0.4555,0.9199999999999999,2.158333333333333,0.7629999999999999,1.28125,2.6736842105263157,1.6764705882352942,0.6062500000000001,0.6857142857142856,1.076470588235294,1.9166666666666667
250,24.8,8.13,0.4541000000000001,1.1785714285714288,2.5500000000000003,0.7150555555555554,0.8842105263157896,2.78421052631579,1.857894736842105,0.6684210526315789,0.3578947368421053,0.9736842105263156,1.7700000000000002
251,25.77777777777778,7.805555555555555,0.4318888888888888,0.8714285714285716,2.313333333333333,0.7441249999999999,0.911111111111111,2.7333333333333334,1.661111111111111,0.6166666666666667,0.44375000000000003,1.022222222222222,1.75
252,26.789473684210527,9.784210526315789,0.4536315789473684,1.16875,2.7941176470588234,0.7695555555555554,0.8052631578947368,3.0368421052631573,2.1631578947368424,0.7263157894736842,0.41875,1.394736842105263,1.8157894736842106
253,26.4,9.319999999999999,0.45039999999999997,1.0250000000000001,2.816666666666667,0.7136428571428571,1.02,2.98,2.0666666666666664,0.8714285714285716,0.4538461538461538,1.4,1.8666666666666667
254,26.105263157894736,7.800000000000002,0.4712777777777778,0.6818181818181819,1.7538461538461538,0.723375,0.9937500000000001,2.6222222222222222,1.9222222222222218,0.675,0.38,1.46875,1.6277777777777778
255,25.91304347826087,7.327272727272729,0.4182272727272727,0.7214285714285715,1.94375,0.7480952380952383,1.018181818181818,2.5409090909090906,1.5818181818181818,0.655,0.32000000000000006,1.119047619047619,1.8521739130434787
256,25.41176470588235,7.952941176470589,0.4371176470588236,0.9636363636363636,2.223076923076923,0.7806470588235295,0.9764705882352942,2.4588235294117644,1.6705882352941177,0.71875,0.4571428571428572,1.1588235294117646,1.7588235294117647
257,24.4,8.206666666666667,0.41859999999999997,0.79,2.2818181818181817,0.6980666666666667,1.1133333333333333,2.5733333333333333,1.7357142857142858,0.74,0.4857142857142857,1.1666666666666667,1.6400000000000001
258,24.75,9.34,0.42833333333333334,0.8400000000000001,1.9076923076923078,0.7424285714285715,1.1333333333333335,2.6066666666666665,2.0071428571428567,0.7133333333333333,0.45384615384615373,1.4200000000000004,1.9374999999999998
259,25.35,7.739999999999999,0.43915,0.85,1.75,0.7305263157894736,1.0050000000000001,2.465,1.5578947368421054,0.53,0.3947368421052631,1.13,1.7650000000000006
260,27.6875,8.0625,0.47287499999999993,0.9083333333333333,2.138461538461539,0.8021999999999999,0.7733333333333332,2.7375,1.8187499999999999,0.4866666666666667,0.4285714285714287,0.9187499999999998,1.4625
261,28.058823529411764,8.035294117647059,0.44858823529411757,0.7857142857142856,1.9749999999999999,0.74975,0.8125000000000001,2.6882352941176473,1.7529411764705882,0.6705882352941176,0.5571428571428572,1.0235294117647058,1.352941176470588
262,28.75,7.91875,0.46968750000000004,0.8692307692307693,2.238461538461539,0.782875,0.75,2.5437499999999997,1.8562500000000002,0.6199999999999999,0.5384615384615385,1.025,1.43125
263,31.058823529411764,7.788235294117648,0.4774117647058823,0.6923076923076924,1.6066666666666667,0.7825882352941177,0.7058823529411765,2.5882352941176476,1.8764705882352943,0.6352941176470589,0.4866666666666666,0.9705882352941179,1.3294117647058827
264,28.470588235294116,7.641176470588236,0.4629999999999999,0.8666666666666664,1.9733333333333336,0.8074999999999999,0.7764705882352942,2.558823529411765,1.8562499999999997,0.6249999999999999,0.5307692307692308,1.0058823529411764,1.5176470588235296
265,27.894736842105264,7.110526315789474,0.4491052631578948,0.9727272727272726,1.7437500000000001,0.7777777777777778,0.6894736842105263,2.8526315789473684,1.7444444444444445,0.6133333333333334,0.5,1.061111111111111,1.3944444444444446
266,27.5625,8.325000000000001,0.47468750000000004,0.8666666666666668,2.007142857142857,0.7728750000000001,0.6875,2.6812500000000004,2.0625,0.6937500000000001,0.4799999999999999,1.1812500000000001,1.4624999999999997
267,26.952380952380953,7.304761904761906,0.45668421052631586,0.9461538461538461,2.28125,0.7548999999999999,0.9105263157894737,2.366666666666667,1.9315789473684213,0.645,0.3999999999999999,1.1631578947368424,1.455
268,27.45,6.63157894736842,0.4303157894736842,1.0090909090909093,1.993333333333333,0.7121999999999999,0.7470588235294118,2.136842105263158,1.4894736842105265,0.5750000000000001,0.39999999999999997,0.9388888888888888,1.3399999999999999
269,28.11764705882353,7.570588235294117,0.46182352941176463,0.8699999999999999,1.8692307692307695,0.6771176470588236,0.7705882352941176,2.341176470588235,1.8125,0.5499999999999999,0.4176470588235294,1.0294117647058822,1.5882352941176467
270,27.09090909090909,8.150000000000002,0.4455454545454545,0.9380952380952382,2.4227272727272724,0.8124761904761906,0.7318181818181819,2.7499999999999996,1.9095238095238096,0.655,0.45000000000000007,0.9954545454545454,1.6681818181818187
271,24.833333333333332,7.676470588235294,0.5155882352941176,0.9733333333333334,2.4411764705882355,0.7859333333333335,0.7266666666666667,2.3705882352941177,1.73125,0.59375,0.5,0.9187500000000001,1.6125
272,25.11764705882353,8.864705882352942,0.4534117647058823,0.9785714285714286,2.533333333333333,0.7420625000000001,0.9470588235294118,2.870588235294118,1.5117647058823531,0.7411764705882353,0.47058823529411764,1.0,1.8882352941176472
273,25.375,8.200000000000001,0.43450000000000005,0.8923076923076925,2.2500000000000004,0.7441333333333333,0.89375,2.7687500000000003,1.5133333333333332,0.6875,0.4866666666666666,1.0000000000000002,1.6500000000000004
274,25.933333333333334,8.006666666666666,0.4700666666666667,1.0777777777777777,2.472727272727273,0.7117142857142856,0.8733333333333334,2.4399999999999995,1.7499999999999998,0.65,0.3999999999999999,1.0133333333333334,1.7199999999999998
275,26.15,7.154999999999999,0.42230000000000006,0.8785714285714287,2.14375,0.7737999999999999,0.8999999999999997,2.38,1.545,0.6111111111111112,0.42666666666666664,1.126315789473684,1.7550000000000001
276,26.0,8.588888888888892,0.44250000000000006,1.0333333333333334,2.6285714285714286,0.7411111111111112,0.922222222222222,2.6999999999999997,1.9444444444444444,0.6555555555555556,0.4588235294117647,1.1888888888888889,2.0666666666666664
277,26.77777777777778,7.872222222222222,0.4172777777777778,0.8250000000000002,2.1357142857142857,0.7221666666666667,0.8882352941176469,2.6944444444444446,1.9277777777777776,0.55,0.4,1.2944444444444447,2.011111111111111
278,25.681818181818183,7.881818181818179,0.449,0.6571428571428571,1.7374999999999998,0.7317500000000001,1.0842105263157893,2.4636363636363634,1.813636363636364,0.6499999999999999,0.4294117647058823,1.2952380952380953,1.9666666666666666
279,25.666666666666668,8.413333333333334,0.48839999999999983,0.8111111111111112,1.7999999999999998,0.6754,0.86,2.546666666666667,1.7400000000000007,0.4866666666666667,0.41333333333333344,1.1066666666666665,1.9200000000000004
280,26.833333333333332,8.133333333333333,0.45744444444444443,1.0266666666666666,2.9466666666666668,0.7692222222222223,0.811111111111111,2.533333333333333,1.8722222222222225,0.6294117647058824,0.44117647058823517,1.116666666666667,1.6222222222222225
281,26.238095238095237,7.864999999999999,0.472,1.133333333333333,2.5166666666666675,0.7979444444444446,0.7388888888888888,2.621052631578947,1.7388888888888887,0.7470588235294118,0.4666666666666667,1.138888888888889,1.5105263157894737
282,26.2,8.666666666666666,0.46799999999999997,0.9538461538461539,2.569230769230769,0.7403333333333334,0.7933333333333333,2.853333333333333,1.72,0.5866666666666667,0.40666666666666657,1.1,1.6266666666666665
283,24.529411764705884,8.225000000000001,0.43912499999999993,0.9,2.1785714285714284,0.7723125,0.9125,2.605882352941176,1.6625,0.623529411764706,0.5307692307692308,1.3133333333333332,1.7352941176470589
284,24.0,7.18,0.433,0.8266666666666665,1.961111111111111,0.7471666666666666,0.9,2.2523809523809524,1.4526315789473685,0.6526315789473683,0.49999999999999994,0.9999999999999998,1.5650000000000004
285,25.823529411764707,6.841176470588234,0.45694117647058824,0.7545454545454546,2.158333333333333,0.6974666666666667,0.8588235294117648,2.3823529411764706,1.68125,0.6000000000000001,0.42857142857142855,1.1294117647058823,1.7058823529411764
286,26.0,8.242857142857144,0.4367857142857143,0.74,1.7000000000000002,0.7528461538461539,1.0923076923076924,2.4714285714285715,2.107142857142857,0.7285714285714285,0.5538461538461539,1.2571428571428573,1.85
287,26.133333333333333,7.986666666666666,0.4402000000000001,0.5272727272727272,1.5583333333333333,0.7434285714285714,1.1142857142857143,2.46,1.7933333333333334,0.7214285714285714,0.48571428571428577,1.1666666666666667,1.8866666666666667
288,26.294117647058822,8.588235294117647,0.46576470588235297,0.7818181818181817,2.1818181818181817,0.7437499999999999,0.9749999999999998,2.3882352941176475,2.26875,0.675,0.5058823529411764,1.2647058823529411,1.9294117647058826
289,24.666666666666668,8.713333333333333,0.4747333333333334,0.68,1.7090909090909092,0.6940666666666667,0.9,2.5799999999999996,2.286666666666667,0.7333333333333333,0.4615384615384617,1.2266666666666668,1.9400000000000002
290,26.6,9.704347826086956,0.4916521739130434,1.0000000000000002,2.6791666666666667,0.731095238095238,0.9478260869565216,2.8440000000000003,2.0041666666666664,0.7608695652173914,0.45652173913043476,1.2086956521739132,1.9956521739130435
291,27.133333333333333,8.813333333333334,0.44853333333333334,0.9666666666666667,2.6333333333333333,0.7672857142857143,0.9066666666666667,2.786666666666667,2.4857142857142853,0.7642857142857143,0.38571428571428573,1.2857142857142854,1.8466666666666667
292,25.666666666666668,8.223529411764705,0.45349999999999996,0.9230769230769231,2.4357142857142864,0.7401875000000001,0.8312500000000002,2.4388888888888887,1.98125,0.7058823529411766,0.37142857142857144,1.088235294117647,1.8499999999999999
293,27.94736842105263,8.200000000000001,0.4459473684210526,0.9642857142857144,2.4687499999999996,0.7197777777777777,0.8105263157894739,2.6789473684210527,1.7777777777777777,0.6833333333333333,0.34705882352941175,1.1,1.7421052631578944
294,28.61111111111111,7.144444444444446,0.4305000000000001,0.7899999999999999,1.707142857142857,0.736,0.7944444444444446,2.564705882352941,1.8499999999999999,0.5647058823529411,0.425,1.1333333333333333,1.688888888888889
295,26.647058823529413,7.8470588235294105,0.4375294117647059,0.8416666666666665,2.1,0.717,0.9529411764705884,2.5823529411764703,1.8058823529411767,0.6764705882352944,0.4285714285714285,1.1705882352941175,1.7705882352941176
296,26.210526315789473,7.6000000000000005,0.40136842105263154,0.9636363636363636,2.423076923076923,0.716578947368421,0.9166666666666666,2.684210526315789,2.042105263157895,0.7000000000000001,0.4,1.2894736842105263,1.847368421052632
297,26.047619047619047,7.95,0.46670000000000006,0.7076923076923076,1.9266666666666665,0.712421052631579,1.06,2.895,1.365,0.7750000000000001,0.6764705882352943,1.1750000000000003,1.905
298,25.91304347826087,7.956521739130435,0.43443478260869567,0.8071428571428572,1.942105263157895,0.6960909090909091,0.9727272727272727,2.3173913043478263,1.9272727272727275,0.7608695652173914,0.495,1.2565217391304346,2.0
299,27.208333333333332,8.229166666666666,0.4310416666666666,0.7187500000000001,1.8222222222222224,0.7446086956521738,1.0391304347826087,2.508695652173914,1.7173913043478264,0.5818181818181818,0.475,1.3363636363636366,1.9434782608695653
