,Age,PTS,FG%,3P%,3PA,FT%,ORB,DRB,AST,STL,BLK,TOV,PF,Rank,Season,Name
0,25.90909090909091,11.609090909090911,0.45081818181818184,0.35154545454545455,3.7454545454545456,0.7490000000000001,1.1727272727272728,3.4545454545454546,2.5454545454545454,0.8363636363636364,0.5,1.6727272727272726,2.3363636363636364,26,2018-19,Atlanta Hawks
1,25.545454545454547,10.027272727272726,0.4554545454545455,0.34900000000000003,3.1699999999999995,0.7726363636363637,0.8454545454545453,3.0545454545454547,2.4000000000000004,0.7272727272727273,0.41818181818181815,1.481818181818182,1.8181818181818181,28,2017-18,Atlanta Hawks
2,27.3,10.41,0.4516000000000001,0.3362222222222222,2.644444444444444,0.7501999999999999,1.0699999999999998,3.4400000000000004,2.3199999999999994,0.8400000000000001,0.5777777777777777,1.54,1.8200000000000003,11,2016-17,Atlanta Hawks
3,27.666666666666668,10.97777777777778,0.4571111111111111,0.3565555555555555,3.1333333333333333,0.7937777777777777,0.7777777777777779,3.522222222222222,2.7333333333333325,0.9555555555555555,0.5888888888888889,1.5333333333333334,1.8666666666666667,8,2015-16,Atlanta Hawks
4,27.454545454545453,10.172727272727274,0.4480909090909091,0.35345454545454547,2.690909090909091,0.772181818181818,0.8181818181818183,3.1545454545454548,2.618181818181818,0.8999999999999999,0.5000000000000001,1.3454545454545455,1.7181818181818178,2,2014-15,Atlanta Hawks
5,27.363636363636363,9.754545454545454,0.4449090909090909,0.3459,3.0899999999999994,0.7822727272727273,0.7545454545454544,2.9545454545454546,2.4818181818181815,0.8090909090909091,0.4000000000000001,1.3909090909090909,1.9090909090909094,18,2013-14,Atlanta Hawks
6,28.0,9.312499999999998,0.455,0.34714285714285714,2.3625000000000003,0.733875,0.9625,3.1999999999999997,2.4250000000000003,0.85,0.36250000000000004,1.325,1.9124999999999999,14,2012-13,Atlanta Hawks
7,28.444444444444443,8.866666666666667,0.4524444444444444,0.38312500000000005,2.3375000000000004,0.7696666666666666,0.8888888888888888,2.7333333333333334,2.088888888888889,0.7555555555555555,0.3111111111111111,1.1888888888888889,1.7333333333333334,9,2011-12,Atlanta Hawks
8,27.375,9.887500000000001,0.4615,0.47000000000000003,2.65,0.767,0.8875,2.9,2.4374999999999996,0.5875,0.3375,1.2375,1.8625,13,2010-11,Atlanta Hawks
9,26.5,12.83333333333333,0.46950000000000003,0.4885999999999999,3.1599999999999997,0.799,1.2333333333333332,3.5,2.6166666666666667,0.7833333333333333,0.4800000000000001,1.3,2.1333333333333333,7,2009-10,Atlanta Hawks
10,26.3,12.070000000000002,0.46790000000000004,0.3635,3.6300000000000003,0.8068000000000002,1.05,3.7199999999999998,2.85,0.9100000000000001,0.55,1.3299999999999998,2.15,9,2018-19,Boston Celtics
11,24.9,11.48,0.4469,0.34890000000000004,3.41,0.7567,0.9399999999999998,3.7099999999999995,2.43,0.77,0.48,1.4100000000000001,2.0700000000000003,4,2017-18,Boston Celtics
12,25.22222222222222,12.366666666666665,0.4588888888888889,0.3585555555555555,3.811111111111111,0.7692222222222223,0.9444444444444444,3.5555555555555554,2.922222222222222,0.8555555555555555,0.43333333333333335,1.4444444444444444,2.1666666666666665,4,2016-17,Boston Celtics
13,24.875,12.35,0.449625,0.30875,3.2375,0.754375,1.2125,3.6374999999999997,2.875,1.1500000000000001,0.4625,1.5250000000000001,2.4125,9,2015-16,Boston Celtics
14,24.125,10.6375,0.45125,0.30842857142857144,2.7857142857142856,0.748875,1.3125,3.575,2.3125,0.8875,0.42500000000000004,1.3125,2.3874999999999997,16,2014-15,Boston Celtics
15,25.0,9.299999999999999,0.4435,0.3291428571428572,1.9142857142857144,0.7469999999999999,1.3875,3.1125,1.9374999999999998,0.7625,0.4375,1.4000000000000001,2.275,26,2013-14,Boston Celtics
16,29.11111111111111,9.399999999999999,0.48444444444444446,0.307,2.1571428571428575,0.7881111111111111,0.8444444444444446,3.1333333333333337,1.8999999999999997,0.8111111111111111,0.4444444444444444,1.211111111111111,2.188888888888888,16,2012-13,Boston Celtics
17,29.22222222222222,10.57777777777778,0.4626666666666667,0.35214285714285715,2.5,0.7688888888888887,0.7444444444444446,3.3222222222222224,2.888888888888889,0.8555555555555556,0.5625,1.5666666666666667,2.0222222222222226,10,2011-12,Boston Celtics
18,29.571428571428573,12.171428571428569,0.4762857142857143,0.27171428571428574,1.885714285714286,0.7737142857142858,0.8,3.7,3.4285714285714284,1.1285714285714286,0.38571428571428573,1.6714285714285713,2.1142857142857143,6,2010-11,Boston Celtics
19,29.25,10.975,0.47800000000000004,0.29783333333333334,1.7249999999999996,0.7538750000000001,0.8624999999999999,2.7375,2.8,0.9875,0.3125,1.4874999999999998,2.175,9,2009-10,Boston Celtics
20,25.90909090909091,10.972727272727274,0.4560909090909091,0.32139999999999996,3.9899999999999998,0.7443636363636362,1.0454545454545454,3.454545454545455,2.272727272727273,0.6272727272727273,0.4090909090909091,1.409090909090909,2.145454545454545,15,2018-19,Brooklyn Nets
21,24.7,11.28,0.4511,0.3473,3.7600000000000002,0.7755000000000001,0.99,3.55,2.59,0.6799999999999999,0.5,1.51,2.0999999999999996,23,2017-18,Brooklyn Nets
22,25.7,10.280000000000001,0.4363,0.3296,3.07,0.7839,0.7200000000000001,3.3200000000000003,2.06,0.7,0.42000000000000004,1.57,2.02,30,2016-17,Brooklyn Nets
23,28.0,10.537499999999998,0.4493750000000001,0.29414285714285715,2.0428571428571427,0.747375,1.1749999999999998,3.375,1.9625000000000001,0.6375,0.4571428571428572,1.4125,1.7374999999999998,28,2015-16,Brooklyn Nets
24,29.571428571428573,11.585714285714287,0.46499999999999997,0.2691666666666667,2.1666666666666665,0.7821428571428571,1.157142857142857,3.7714285714285722,2.7285714285714286,0.7571428571428572,0.5285714285714286,1.5999999999999999,2.0857142857142854,18,2014-15,Brooklyn Nets
25,30.285714285714285,11.042857142857143,0.4784285714285715,0.36160000000000003,3.15,0.7612857142857143,0.8571428571428571,3.514285714285714,2.2714285714285714,0.8714285714285716,0.42857142857142855,1.485714285714286,2.1999999999999997,15,2013-14,Brooklyn Nets
26,28.666666666666668,10.433333333333334,0.44644444444444453,0.3208333333333333,3.3166666666666664,0.7204444444444446,1.422222222222222,3.333333333333334,2.1888888888888887,0.7555555555555555,0.5666666666666668,1.4777777777777779,1.911111111111111,9,2012-13,Brooklyn Nets
27,26.125,8.525,0.42075000000000007,0.4662,3.75,0.740875,1.3,2.8875,1.9875,0.725,0.4571428571428572,1.3125,1.8375,25,2011-12,Brooklyn Nets
28,24.571428571428573,11.071428571428571,0.455,0.31575000000000003,2.5,0.7698571428571429,1.357142857142857,3.3714285714285714,1.9428571428571426,0.4714285714285714,0.65,1.4000000000000001,2.4,25,2010-11,Brooklyn Nets
29,25.1,9.989999999999998,0.433,0.3335000000000001,2.257142857142857,0.7325999999999999,1.27,3.2199999999999998,1.9899999999999998,0.72,0.6,1.39,2.2,30,2009-10,Brooklyn Nets
30,26.0,9.664285714285715,0.46107142857142863,0.3419230769230769,3.0384615384615383,0.7757857142857142,0.9214285714285716,3.0357142857142856,2.0571428571428574,0.6142857142857142,0.46923076923076923,1.0357142857142858,1.7571428571428576,17,2018-19,Charlotte Hornets
31,25.727272727272727,10.172727272727274,0.4318181818181818,0.32730000000000004,2.9799999999999995,0.7817272727272727,0.8363636363636363,3.227272727272727,2.1545454545454543,0.6636363636363636,0.47777777777777786,1.1727272727272728,1.5636363636363633,20,2017-18,Charlotte Hornets
32,26.8,11.23,0.4527,0.312625,3.725,0.8125,0.95,3.69,2.43,0.73,0.54,1.12,1.7899999999999998,20,2016-17,Charlotte Hornets
33,25.7,10.820000000000002,0.4356,0.3211111111111111,3.3333333333333335,0.7844999999999999,0.9600000000000002,3.8299999999999996,2.28,0.7300000000000001,0.6,1.23,1.9300000000000002,10,2015-16,Charlotte Hornets
34,25.833333333333332,9.174999999999999,0.4220833333333334,0.38655555555555554,2.5999999999999996,0.7434166666666666,1.0333333333333332,3.4583333333333335,1.9083333333333334,0.6,0.6181818181818182,1.075,1.8166666666666664,22,2014-15,Charlotte Hornets
35,24.555555555555557,10.522222222222222,0.4566666666666666,0.28385714285714286,2.157142857142857,0.7183333333333333,1.0666666666666669,3.6999999999999997,2.388888888888889,0.6333333333333333,0.5555555555555557,1.2555555555555555,1.877777777777778,16,2013-14,Charlotte Hornets
36,23.666666666666668,10.366666666666667,0.4266666666666667,0.31857142857142856,2.4571428571428577,0.7331111111111112,1.0555555555555554,3.033333333333333,2.0999999999999996,0.7666666666666667,0.5777777777777778,1.3777777777777775,1.9222222222222223,29,2012-13,Charlotte Hornets
37,22.714285714285715,9.671428571428573,0.443,0.3941666666666667,1.8400000000000003,0.7285714285714285,1.1285714285714286,2.9,2.3142857142857145,0.6,0.65,1.3714285714285714,1.7714285714285711,30,2011-12,Charlotte Hornets
38,27.5,10.987499999999999,0.45262499999999994,0.30779999999999996,3.0,0.73475,1.25,3.6375,2.4374999999999996,0.7000000000000001,0.6571428571428571,1.5625,2.2,22,2010-11,Charlotte Hornets
39,27.625,11.675000000000002,0.46887500000000004,0.35266666666666663,2.7000000000000006,0.745375,1.2375,3.6125,2.5375,0.8874999999999998,0.6000000000000001,1.85,2.225,15,2009-10,Charlotte Hornets
40,23.636363636363637,10.10909090909091,0.4609090909090909,0.3137,2.1818181818181817,0.7474545454545454,0.8818181818181817,3.4090909090909096,2.1727272727272724,0.6636363636363636,0.48999999999999994,1.3454545454545455,2.018181818181818,27,2018-19,Chicago Bulls
41,24.0,9.966666666666667,0.4568888888888889,0.34025,2.7249999999999996,0.7418888888888888,1.111111111111111,3.533333333333333,2.444444444444444,0.7444444444444445,0.36666666666666664,1.4000000000000001,2.033333333333333,25,2017-18,Chicago Bulls
42,26.153846153846153,9.807692307692305,0.44453846153846144,0.32290909090909087,2.5,0.7576923076923077,1.1307692307692307,3.3230769230769233,2.123076923076923,0.7307692307692307,0.4692307692307693,1.2461538461538462,1.7692307692307692,16,2016-17,Chicago Bulls
43,26.125,10.875,0.44849999999999995,0.3708571428571429,2.5,0.780625,1.2750000000000001,4.0,2.0124999999999997,0.65,0.6875,1.2750000000000001,1.9124999999999996,16,2015-16,Chicago Bulls
44,28.875,10.912500000000001,0.443125,0.3798333333333333,2.75,0.7581249999999999,1.55,4.3125,2.2375,0.7250000000000001,0.775,1.2875,2.0875,9,2014-15,Chicago Bulls
45,28.25,11.524999999999999,0.429125,0.34900000000000003,3.1,0.7845,1.2999999999999998,3.8999999999999995,2.8499999999999996,0.9375000000000001,0.7,1.6375,2.2750000000000004,12,2013-14,Chicago Bulls
46,28.333333333333332,11.266666666666667,0.44111111111111106,0.36050000000000004,1.975,0.7765555555555558,1.455555555555556,3.544444444444444,2.8444444444444446,0.8555555555555556,0.6000000000000001,1.677777777777778,2.2777777777777777,11,2012-13,Chicago Bulls
47,27.0,9.5,0.46,0.36750000000000005,3.175,0.68625,1.5999999999999999,3.8125,2.05,0.7625,0.6875000000000001,1.325,1.9,1,2011-12,Chicago Bulls
48,27.6,8.440000000000001,0.47140000000000004,0.4114285714285714,2.05,0.6933999999999999,1.34,3.5699999999999994,1.65,0.7,0.59,1.1600000000000001,2.1399999999999997,1,2010-11,Chicago Bulls
49,27.333333333333332,11.616666666666667,0.4538333333333333,0.35424999999999995,2.5999999999999996,0.7536666666666667,1.633333333333333,4.6499999999999995,2.316666666666667,0.8166666666666668,0.8166666666666668,1.5499999999999998,2.566666666666667,17,2009-10,Chicago Bulls
50,24.5,11.6625,0.476875,0.3488333333333334,3.4000000000000004,0.7648750000000001,1.475,3.575,2.15,0.7375,0.275,1.3375000000000001,2.1875,28,2018-19,Cleveland Cavaliers
51,31.875,11.5875,0.475,0.3877142857142856,3.9142857142857146,0.7611249999999999,0.9500000000000001,3.85,2.6375,0.7375,0.42857142857142855,1.4625,1.8625,6,2017-18,Cleveland Cavaliers
52,28.857142857142858,14.357142857142856,0.4644285714285714,0.3635,4.933333333333334,0.7350000000000001,1.3571428571428572,4.4,3.0428571428571423,0.8428571428571427,0.45714285714285713,1.6714285714285715,2.0285714285714285,5,2016-17,Cleveland Cavaliers
53,28.2,11.440000000000001,0.46290000000000003,0.3303333333333333,3.511111111111111,0.7624000000000001,1.0799999999999998,3.5100000000000002,2.61,0.7499999999999999,0.39,1.44,2.0900000000000003,3,2015-16,Cleveland Cavaliers
54,28.0,11.877777777777775,0.4538888888888889,0.3601428571428572,3.942857142857143,0.7579999999999999,1.2666666666666666,3.677777777777777,2.5999999999999996,0.8000000000000002,0.5499999999999999,1.5,1.9888888888888887,7,2014-15,Cleveland Cavaliers
55,24.636363636363637,9.090909090909092,0.4341818181818182,0.34325,2.4000000000000004,0.7317272727272727,1.0727272727272728,2.9272727272727277,1.9818181818181815,0.7090909090909091,0.31818181818181823,1.2636363636363637,1.9454545454545453,22,2013-14,Cleveland Cavaliers
56,24.125,10.887500000000003,0.41837499999999994,0.3405,2.942857142857143,0.7300000000000001,1.125,2.8875000000000006,2.3875,0.9125,0.44999999999999996,1.5624999999999998,2.375,28,2012-13,Cleveland Cavaliers
57,24.142857142857142,11.071428571428573,0.4255714285714286,0.359,2.8,0.730142857142857,1.4571428571428573,3.0714285714285716,2.3285714285714287,0.7714285714285715,0.5166666666666667,1.6714285714285715,2.1,27,2011-12,Cleveland Cavaliers
58,25.166666666666668,11.483333333333333,0.4623333333333333,0.306,2.3,0.7288333333333332,1.1333333333333333,3.3333333333333335,2.0333333333333337,0.6666666666666666,0.4666666666666666,1.5166666666666668,2.183333333333333,29,2010-11,Cleveland Cavaliers
59,26.77777777777778,10.966666666666665,0.48922222222222217,0.34385714285714286,2.557142857142857,0.724,0.9333333333333333,3.322222222222223,2.555555555555556,0.7000000000000001,0.5666666666666667,1.4111111111111112,1.9000000000000001,1,2009-10,Cleveland Cavaliers
60,28.3,11.079999999999998,0.4577,0.33744444444444444,4.066666666666666,0.755,1.1,3.9,2.1,0.6499999999999999,0.4699999999999999,1.3300000000000003,2.04,24,2018-19,Dallas Mavericks
61,28.666666666666668,11.444444444444445,0.45155555555555554,0.35533333333333333,3.8444444444444446,0.7906666666666666,0.6444444444444444,3.2777777777777777,2.677777777777778,0.7444444444444444,0.35,1.2888888888888888,1.8777777777777775,27,2017-18,Dallas Mavericks
62,28.25,9.25,0.45337500000000003,0.32912499999999995,3.114285714285714,0.7848750000000001,0.7500000000000001,3.1249999999999996,1.275,0.6874999999999999,0.3875,0.8500000000000001,1.775,22,2016-17,Dallas Mavericks
63,30.333333333333332,11.222222222222221,0.4444444444444444,0.32587499999999997,3.575,0.7949999999999999,0.8333333333333334,3.4000000000000004,2.677777777777778,0.7666666666666667,0.30000000000000004,1.3555555555555554,2.0,14,2015-16,Dallas Mavericks
64,30.0,11.02222222222222,0.46244444444444455,0.34712499999999996,2.9,0.7273333333333333,1.0222222222222221,3.4000000000000004,2.677777777777778,0.8777777777777778,0.425,1.4222222222222223,2.022222222222222,10,2014-15,Dallas Mavericks
65,30.571428571428573,12.200000000000001,0.4665714285714286,0.3766666666666667,3.4,0.7868571428571428,0.9,3.3,2.714285714285715,1.0142857142857145,0.35714285714285715,1.4428571428571428,2.028571428571429,10,2013-14,Dallas Mavericks
66,29.22222222222222,10.755555555555555,0.4525555555555556,0.3592857142857143,2.728571428571428,0.7876666666666667,0.9222222222222223,3.566666666666667,2.411111111111111,0.8111111111111111,0.5222222222222223,1.3888888888888888,2.0,17,2012-13,Dallas Mavericks
67,32.0,11.087499999999999,0.41775,0.33125,3.0875,0.81325,0.6875,3.4625,2.9375,1.0500000000000003,0.3875,1.5999999999999999,1.7125,14,2011-12,Dallas Mavericks
68,31.0,12.014285714285714,0.4757142857142857,0.329,2.9499999999999997,0.818,0.9999999999999999,3.7285714285714286,3.1000000000000005,0.7714285714285715,0.5000000000000001,1.5999999999999999,1.9000000000000001,5,2010-11,Dallas Mavericks
69,29.75,11.6875,0.487375,0.329375,2.0,0.801125,1.1624999999999999,3.7,2.8499999999999996,0.8250000000000001,0.65,1.4375000000000002,2.0875,4,2009-10,Dallas Mavericks
70,25.09090909090909,11.345454545454546,0.46518181818181825,0.33454545454545453,3.2818181818181817,0.7582727272727272,1.1818181818181819,3.5545454545454542,2.7454545454545456,0.790909090909091,0.5000000000000001,1.2999999999999998,2.0181818181818185,4,2018-19,Denver Nuggets
71,23.142857142857142,13.414285714285713,0.48285714285714293,0.38233333333333336,4.266666666666667,0.7655714285714286,1.157142857142857,3.8,3.214285714285714,0.942857142857143,0.5142857142857143,1.7714285714285716,1.9857142857142855,14,2017-18,Denver Nuggets
72,23.555555555555557,10.877777777777778,0.4726666666666666,0.3654285714285714,2.9000000000000004,0.7415555555555555,1.3111111111111111,3.3666666666666667,2.777777777777778,0.7333333333333333,0.41111111111111115,1.5333333333333334,1.9000000000000001,18,2016-17,Denver Nuggets
73,23.857142857142858,10.842857142857143,0.45699999999999996,0.3417142857142857,2.733333333333333,0.7784285714285714,1.3285714285714287,3.6142857142857143,2.357142857142857,0.7714285714285715,0.4714285714285714,1.557142857142857,2.0428571428571427,22,2015-16,Denver Nuggets
74,25.428571428571427,9.842857142857143,0.42342857142857143,0.27280000000000004,2.9200000000000004,0.7197142857142858,1.2714285714285716,3.114285714285714,2.457142857142857,0.7571428571428571,0.4142857142857143,1.4714285714285715,2.1285714285714286,24,2014-15,Denver Nuggets
75,25.22222222222222,10.466666666666667,0.4466666666666667,0.3242857142857143,2.4499999999999997,0.7357777777777776,1.2444444444444445,3.2777777777777777,2.322222222222222,0.7222222222222222,0.5222222222222223,1.6111111111111112,2.1333333333333337,20,2013-14,Denver Nuggets
76,26.714285714285715,11.428571428571427,0.5034285714285714,0.449,2.825,0.6602857142857141,1.5428571428571427,3.4142857142857146,3.0571428571428574,1.0571428571428572,0.7857142857142857,1.6571428571428568,2.2,4,2012-13,Denver Nuggets
77,26.25,10.687500000000002,0.49849999999999994,0.3146,3.0200000000000005,0.7187500000000001,1.3,3.1874999999999996,2.525,0.8125,0.47500000000000003,1.5375,2.1125,11,2011-12,Denver Nuggets
78,27.6,12.18,0.47750000000000004,0.3442222222222222,2.5111111111111115,0.7541000000000001,1.03,3.55,2.4400000000000004,0.7900000000000001,0.39,1.54,2.28,9,2010-11,Denver Nuggets
79,27.625,13.6,0.466625,0.34714285714285714,2.9285714285714284,0.755625,1.1125,3.4375,2.925,1.0375,0.5,1.7125000000000001,2.4625000000000004,6,2009-10,Denver Nuggets
80,27.333333333333332,9.875000000000002,0.424,0.3092727272727273,3.258333333333333,0.7895,1.0083333333333333,3.0583333333333336,2.2083333333333335,0.6333333333333334,0.35000000000000003,1.2083333333333335,2.025,16,2018-19,Detroit Pistons
81,25.666666666666668,11.255555555555556,0.4482222222222223,0.37374999999999997,3.322222222222222,0.778888888888889,0.9777777777777776,3.4222222222222225,2.4000000000000004,0.8222222222222222,0.3555555555555556,1.2222222222222223,1.7666666666666666,19,2017-18,Detroit Pistons
82,25.333333333333332,11.211111111111114,0.448,0.315625,2.9,0.7558888888888888,1.2111111111111112,3.711111111111111,2.3333333333333335,0.7666666666666667,0.41111111111111104,1.2666666666666666,2.0000000000000004,19,2016-17,Detroit Pistons
83,26.0,10.962499999999999,0.43287500000000007,0.33828571428571425,3.1571428571428575,0.7180000000000001,1.35,3.6875,2.1999999999999997,0.7875,0.3875,1.5125000000000002,2.0500000000000003,13,2015-16,Detroit Pistons
84,26.0,11.133333333333333,0.42977777777777776,0.3608571428571428,3.9285714285714284,0.7724444444444445,1.3,3.3,2.2222222222222223,0.8222222222222223,0.4375,1.3555555555555558,1.911111111111111,23,2014-15,Detroit Pistons
85,23.166666666666668,12.266666666666666,0.462,0.32775,3.05,0.7096666666666667,1.9333333333333336,3.633333333333334,2.3,0.9833333333333334,0.5166666666666667,1.5333333333333332,2.35,23,2013-14,Detroit Pistons
86,25.714285714285715,9.942857142857141,0.45642857142857146,0.38659999999999994,2.45,0.6595714285714286,1.5999999999999999,3.814285714285714,1.8,0.7142857142857144,0.7428571428571429,1.4000000000000001,1.9714285714285713,23,2012-13,Detroit Pistons
87,27.571428571428573,9.714285714285714,0.4297142857142857,0.3124,1.6,0.7011428571428571,1.3142857142857143,3.057142857142857,1.8571428571428572,0.7142857142857143,0.5285714285714286,1.4714285714285715,1.8857142857142857,22,2011-12,Detroit Pistons
88,27.545454545454547,9.581818181818182,0.46809090909090917,0.381125,2.3285714285714287,0.6839090909090909,1.2363636363636363,2.8636363636363638,2.0090909090909097,0.7181818181818183,0.43636363636363634,1.190909090909091,1.9727272727272727,24,2010-11,Detroit Pistons
89,27.0,10.511111111111111,0.4634444444444445,0.312,2.4,0.6896666666666667,1.3111111111111111,2.9444444444444446,2.1,0.7333333333333334,0.4333333333333333,1.3444444444444446,2.222222222222222,24,2009-10,Detroit Pistons
90,28.0,13.225000000000001,0.4977500000000001,0.33387500000000003,4.175000000000001,0.73025,0.875,3.7875,3.3874999999999997,0.825,0.7000000000000001,1.5375,2.0625,3,2018-19,Golden State Warriors
91,28.583333333333332,10.633333333333333,0.51325,0.351,3.1545454545454548,0.7664999999999998,0.775,3.3333333333333335,2.783333333333333,0.7666666666666666,0.6749999999999999,1.425,1.691666666666667,3,2017-18,Golden State Warriors
92,28.333333333333332,12.444444444444443,0.48988888888888876,0.36900000000000005,4.125000000000001,0.7922222222222222,0.8111111111111111,3.644444444444444,3.3666666666666667,1.011111111111111,0.6333333333333333,1.5,1.7777777777777777,1,2016-17,Golden State Warriors
93,28.25,12.6125,0.49050000000000005,0.47125,4.557142857142857,0.72675,0.925,3.9499999999999993,3.2125,0.9375,0.5874999999999999,1.5999999999999999,2.025,1,2015-16,Golden State Warriors
94,27.444444444444443,11.866666666666667,0.4867777777777778,0.3764285714285714,3.8142857142857136,0.7304444444444445,1.1111111111111112,3.7222222222222223,2.833333333333333,0.9666666666666666,0.6111111111111112,1.4555555555555555,2.0222222222222226,1,2014-15,Golden State Warriors
95,26.88888888888889,11.911111111111113,0.4773333333333334,0.3555,3.6833333333333336,0.7124444444444444,1.3555555555555556,4.122222222222223,2.566666666666667,0.8666666666666667,0.6333333333333333,1.6555555555555554,2.455555555555555,8,2013-14,Golden State Warriors
96,25.0,13.399999999999997,0.45000000000000007,0.3598333333333333,3.233333333333333,0.8248571428571428,1.1285714285714286,3.957142857142857,2.9857142857142853,0.8142857142857143,0.2857142857142857,1.8285714285714285,2.314285714285714,10,2012-13,Golden State Warriors
97,24.555555555555557,8.866666666666667,0.4686666666666667,0.3482,2.3428571428571425,0.7075555555555556,0.9777777777777779,2.9000000000000004,1.9888888888888887,0.7222222222222223,0.525,1.2000000000000002,2.033333333333333,24,2011-12,Golden State Warriors
98,25.857142857142858,12.857142857142858,0.4685714285714286,0.38339999999999996,4.4750000000000005,0.6992857142857142,1.5142857142857142,3.757142857142857,2.8714285714285714,1.1285714285714286,0.5714285714285714,1.7857142857142858,2.5714285714285716,20,2010-11,Golden State Warriors
99,25.77777777777778,12.577777777777778,0.47888888888888886,0.3602857142857143,2.7375,0.7581111111111111,0.9444444444444446,3.211111111111111,2.6,1.0666666666666667,0.43333333333333335,1.611111111111111,2.5666666666666664,26,2009-10,Golden State Warriors
100,28.857142857142858,14.242857142857144,0.4541428571428571,0.3408,5.933333333333334,0.7614285714285715,1.0999999999999999,3.6142857142857143,3.185714285714286,0.9571428571428572,0.5857142857142856,1.6285714285714283,2.3,5,2018-19,Houston Rockets
101,29.875,14.4875,0.48524999999999996,0.37066666666666664,6.683333333333334,0.7617500000000001,1.025,3.975,3.0125,1.0625,0.55,1.6374999999999997,2.0999999999999996,1,2017-18,Houston Rockets
102,27.3,12.16,0.48919999999999997,0.31988888888888894,4.5,0.7087,1.24,3.65,2.62,0.85,0.48999999999999994,1.4800000000000002,2.2,3,2016-17,Houston Rockets
103,28.555555555555557,11.244444444444445,0.45155555555555554,0.3465714285714286,3.9250000000000007,0.7044444444444444,1.1444444444444444,3.3000000000000003,2.5222222222222213,1.111111111111111,0.511111111111111,1.611111111111111,2.2333333333333334,17,2015-16,Houston Rockets
104,28.285714285714285,12.742857142857144,0.43128571428571433,0.3638571428571429,4.95,0.7568571428571428,1.1,3.742857142857143,2.814285714285714,1.1857142857142857,0.48571428571428577,1.957142857142857,2.3857142857142857,3,2014-15,Houston Rockets
105,26.375,12.675,0.46675,0.3494285714285715,3.6,0.702125,1.2625,4.0375,2.6875,0.925,0.6250000000000001,1.8875,2.3750000000000004,6,2013-14,Houston Rockets
106,23.88888888888889,11.644444444444442,0.47622222222222227,0.37,3.6714285714285713,0.7410000000000001,1.2888888888888888,3.477777777777778,2.611111111111111,0.8777777777777778,0.5499999999999999,1.7111111111111112,2.2333333333333334,13,2012-13,Houston Rockets
107,25.0,11.385714285714286,0.447,0.37020000000000003,3.5800000000000005,0.756,1.0999999999999999,3.057142857142857,2.8142857142857145,0.9571428571428572,0.35714285714285715,1.6571428571428573,2.2142857142857144,17,2011-12,Houston Rockets
108,26.5,10.82,0.4708,0.3761666666666667,3.5833333333333335,0.7595000000000001,1.3099999999999998,3.349999999999999,2.34,0.72,0.5199999999999999,1.28,2.0800000000000005,14,2010-11,Houston Rockets
109,26.125,10.425,0.4515,0.31383333333333335,2.766666666666667,0.72775,1.3875,3.6,2.15,0.8,0.475,1.3375000000000001,2.3,16,2009-10,Houston Rockets
110,26.555555555555557,11.01111111111111,0.47344444444444445,0.39144444444444443,2.488888888888889,0.7562222222222222,0.9444444444444444,3.4111111111111114,2.6555555555555554,0.8555555555555555,0.5750000000000001,1.3777777777777778,1.9777777777777779,11,2018-19,Indiana Pacers
111,25.875,12.875,0.4721250000000001,0.363875,2.9749999999999996,0.76,1.0875,3.9000000000000004,2.8,1.0999999999999999,0.5125000000000001,1.6,2.2125000000000004,10,2017-18,Indiana Pacers
112,27.11111111111111,11.200000000000001,0.4713333333333333,0.37185714285714283,3.1000000000000005,0.7666666666666667,1.0,3.566666666666666,2.2555555555555555,0.9000000000000001,0.5444444444444445,1.3222222222222222,1.9777777777777779,14,2016-17,Indiana Pacers
113,26.5,10.280000000000001,0.4492999999999999,0.3155,3.125,0.7619,0.96,3.2399999999999998,2.0599999999999996,0.8799999999999999,0.45,1.41,1.9100000000000001,11,2015-16,Indiana Pacers
114,28.5,9.683333333333334,0.4351666666666667,0.33,2.7300000000000004,0.7698333333333335,0.8999999999999999,3.1750000000000007,2.291666666666667,0.5833333333333334,0.4272727272727273,1.3,1.9416666666666664,19,2014-15,Indiana Pacers
115,27.857142857142858,12.114285714285714,0.4558571428571429,0.32242857142857145,2.214285714285714,0.779,1.1428571428571428,4.185714285714286,2.6,0.8714285714285713,0.5857142857142857,1.7857142857142858,2.242857142857143,4,2013-14,Indiana Pacers
116,25.875,10.487499999999999,0.43024999999999997,0.3117142857142858,2.3857142857142857,0.73475,1.35,3.55,2.4250000000000003,0.8125,0.7000000000000001,1.575,2.0125,8,2012-13,Indiana Pacers
117,26.0,10.355555555555554,0.43288888888888893,0.3353333333333333,2.5500000000000003,0.7601111111111112,1.3222222222222222,3.3,2.0444444444444447,0.8111111111111111,0.65,1.3777777777777778,2.166666666666666,5,2011-12,Indiana Pacers
118,26.272727272727273,9.781818181818183,0.442,0.35087499999999994,2.7555555555555555,0.7510909090909091,1.1272727272727272,3.2818181818181817,1.7999999999999998,0.6909090909090909,0.59,1.3727272727272728,2.0909090909090913,19,2010-11,Indiana Pacers
119,25.8,10.069999999999999,0.4465,0.3674444444444444,2.72,0.7427,0.9,3.2399999999999998,1.9899999999999998,0.72,0.55,1.3599999999999999,2.09,21,2009-10,Indiana Pacers
120,28.125,11.737499999999999,0.46675,0.35185714285714287,2.8857142857142857,0.7714999999999999,0.9625,3.6249999999999996,2.675,0.6875,0.48750000000000004,1.45,2.2875,13,2018-19,Los Angeles Clippers
121,26.22222222222222,9.833333333333334,0.4712222222222222,0.3025,2.8625,0.7137777777777777,0.9666666666666668,3.033333333333333,2.3,0.7333333333333333,0.3888888888888889,1.3888888888888888,1.9222222222222223,18,2017-18,Los Angeles Clippers
122,29.88888888888889,12.577777777777778,0.48477777777777775,0.373625,3.425,0.7675555555555555,0.9888888888888889,3.7222222222222223,2.8666666666666663,0.8444444444444444,0.43333333333333335,1.4444444444444446,2.111111111111111,8,2016-17,Los Angeles Clippers
123,30.09090909090909,9.127272727272727,0.47018181818181815,0.3542222222222222,3.1,0.7349090909090908,0.7818181818181817,2.9454545454545453,2.0727272727272723,0.8454545454545453,0.5399999999999998,1.1272727272727272,1.9454545454545455,6,2015-16,Los Angeles Clippers
124,28.333333333333332,12.41111111111111,0.4769999999999999,0.34950000000000003,3.2125000000000004,0.7185555555555556,1.1111111111111112,3.688888888888889,2.822222222222222,0.8555555555555556,0.5666666666666667,1.311111111111111,2.3555555555555556,4,2014-15,Los Angeles Clippers
125,28.625,13.175,0.47575000000000006,0.3457142857142857,3.228571428571428,0.741625,1.2249999999999999,3.8124999999999996,3.3375,1.0875,0.5375,1.625,2.4,3,2013-14,Los Angeles Clippers
126,28.555555555555557,11.077777777777776,0.47677777777777774,0.32975,2.7,0.7072222222222222,1.1666666666666667,3.111111111111111,2.7,1.0555555555555556,0.5333333333333333,1.4333333333333331,2.0222222222222226,5,2012-13,Los Angeles Clippers
127,28.0,11.4,0.475375,0.31,2.983333333333333,0.6695,1.4499999999999997,3.5124999999999997,2.475,0.9874999999999999,0.5624999999999999,1.3875,2.3874999999999997,8,2011-12,Los Angeles Clippers
128,23.875,11.525,0.477125,0.31166666666666665,2.242857142857143,0.7280000000000001,1.2750000000000001,3.1000000000000005,2.9125,0.85,0.5125,1.8875000000000002,2.2375000000000003,23,2010-11,Los Angeles Clippers
129,26.571428571428573,11.671428571428573,0.4947142857142857,0.3076,1.6166666666666665,0.6745714285714285,1.6428571428571428,4.085714285714286,2.6,0.8285714285714285,0.7857142857142857,1.842857142857143,2.4,23,2009-10,Los Angeles Clippers
130,27.4,12.500000000000002,0.47700000000000004,0.3107777777777778,3.8000000000000003,0.6613999999999999,1.05,4.19,3.3299999999999996,0.86,0.56,1.81,2.18,20,2018-19,Los Angeles Lakers
131,24.0,11.245454545454544,0.4654545454545454,0.31063636363636365,2.963636363636364,0.6912727272727273,1.1181818181818182,3.7181818181818183,2.5545454545454542,0.8727272727272727,0.4636363636363637,1.5454545454545459,2.145454545454545,21,2017-18,Los Angeles Lakers
132,25.6,11.249999999999998,0.45519999999999994,0.34677777777777774,3.7125,0.7691999999999999,1.15,3.3199999999999994,2.1499999999999995,0.8399999999999999,0.41,1.52,2.14,28,2016-17,Los Angeles Lakers
133,27.3,10.33,0.43179999999999996,0.28650000000000003,3.3499999999999996,0.8004999999999999,1.04,3.1100000000000003,1.98,0.7500000000000001,0.4,1.3900000000000001,1.95,29,2015-16,Los Angeles Lakers
134,26.818181818181817,9.509090909090908,0.42881818181818177,0.33324999999999994,2.7874999999999996,0.7534545454545455,1.1000000000000003,3.0818181818181816,2.063636363636364,0.7363636363636363,0.48,1.1454545454545455,2.1818181818181817,27,2014-15,Los Angeles Lakers
135,25.444444444444443,11.244444444444444,0.4527777777777778,0.36071428571428577,3.1285714285714286,0.7304444444444446,1.0555555555555558,3.366666666666667,2.388888888888889,0.7666666666666668,0.6111111111111112,1.4444444444444444,2.088888888888889,25,2013-14,Los Angeles Lakers
136,30.1,10.96,0.4487,0.3418,2.5,0.7121,1.1400000000000001,3.59,2.9199999999999995,0.6900000000000002,0.6499999999999998,1.7,1.81,12,2012-13,Los Angeles Lakers
137,31.142857142857142,10.028571428571427,0.4382857142857143,0.34299999999999997,1.9142857142857144,0.7547142857142858,1.1,3.4142857142857146,2.6714285714285713,0.6571428571428571,0.5499999999999999,1.5142857142857142,1.8285714285714285,6,2011-12,Los Angeles Lakers
138,30.571428571428573,12.1,0.4504285714285715,0.3541428571428571,2.566666666666667,0.8127142857142856,1.2285714285714284,3.614285714285714,2.628571428571429,0.7999999999999999,0.5166666666666667,1.457142857142857,2.0714285714285716,4,2010-11,Los Angeles Lakers
139,29.8,14.34,0.4524,0.33099999999999996,2.28,0.7936,1.54,4.619999999999999,3.1,0.9600000000000002,0.64,1.8,2.3600000000000003,3,2009-10,Los Angeles Lakers
140,27.375,11.149999999999999,0.48650000000000004,0.3267142857142857,2.642857142857143,0.73325,1.125,3.9375,2.8375000000000004,0.875,0.6875,1.4749999999999996,2.45,22,2018-19,Memphis Grizzlies
141,25.333333333333332,10.588888888888889,0.4613333333333334,0.35200000000000004,2.9875000000000003,0.7784444444444446,1.1,3.4999999999999996,2.1333333333333333,0.6777777777777778,0.5333333333333333,1.4333333333333331,2.4,29,2017-18,Memphis Grizzlies
142,29.2,10.48,0.42610000000000003,0.3451,2.8000000000000003,0.7749999999999999,1.14,3.3600000000000003,2.1599999999999997,0.78,0.39,1.2699999999999998,2.2699999999999996,12,2016-17,Memphis Grizzlies
143,32.0,11.2,0.43887499999999996,0.374,1.9999999999999998,0.79075,1.2000000000000002,3.45,2.3125,0.9624999999999999,0.4875,1.35,2.25,15,2015-16,Memphis Grizzlies
144,29.7,9.540000000000003,0.45620000000000005,0.30233333333333334,1.5333333333333332,0.7354999999999999,1.02,3.22,2.25,0.9299999999999999,0.4000000000000001,1.34,1.8900000000000001,5,2014-15,Memphis Grizzlies
145,27.916666666666668,9.408333333333333,0.4741666666666666,0.3004,1.56,0.7213333333333334,1.1500000000000001,3.0416666666666665,2.0833333333333335,0.775,0.5,1.25,1.8416666666666668,9,2013-14,Memphis Grizzlies
146,27.5,13.15,0.4443333333333333,0.218,1.6833333333333336,0.7928333333333333,1.6666666666666667,4.1,3.0999999999999996,1.25,0.65,1.9333333333333333,2.4333333333333336,6,2012-13,Memphis Grizzlies
147,25.428571428571427,11.814285714285713,0.4594285714285714,0.2888,1.7000000000000002,0.7708571428571428,1.4285714285714286,3.5857142857142854,2.4714285714285715,1.242857142857143,0.6857142857142857,1.657142857142857,2.257142857142857,7,2011-12,Memphis Grizzlies
148,25.375,12.049999999999999,0.46775,0.31862499999999994,1.4874999999999998,0.761625,1.2874999999999999,3.3374999999999995,2.5624999999999996,1.1500000000000001,0.5874999999999999,1.6125,2.1125,12,2010-11,Memphis Grizzlies
149,23.75,12.4125,0.48262499999999997,0.31283333333333335,2.0166666666666666,0.723,1.5125,3.5875000000000004,2.2375,0.9,0.6857142857142857,1.6749999999999996,2.2125000000000004,19,2009-10,Memphis Grizzlies
150,26.4,10.83,0.44869999999999993,0.3341,3.6799999999999997,0.699,0.9100000000000001,3.21,2.6700000000000004,0.8099999999999999,0.47000000000000003,1.4799999999999998,2.09,19,2018-19,Miami Heat
151,25.875,11.262500000000001,0.459875,0.3677142857142857,3.5374999999999996,0.7688749999999999,0.8750000000000001,3.5624999999999996,2.6499999999999995,0.8624999999999999,0.5,1.45,2.225,15,2017-18,Miami Heat
152,26.444444444444443,11.08888888888889,0.44488888888888894,0.35733333333333334,3.577777777777778,0.7177777777777777,0.7777777777777779,2.7222222222222223,2.566666666666667,0.7999999999999999,0.4666666666666668,1.3111111111111111,2.0888888888888895,17,2016-17,Miami Heat
153,28.25,10.8625,0.4583750000000001,0.30885714285714283,2.2857142857142856,0.7333750000000001,0.9375,3.4875,2.5,0.7625,0.45,1.425,1.95,7,2015-16,Miami Heat
154,28.428571428571427,11.02857142857143,0.432,0.3098571428571428,2.0999999999999996,0.7608571428571428,0.8285714285714285,3.042857142857143,2.3428571428571425,0.7714285714285715,0.2857142857142857,1.6,1.5857142857142854,21,2014-15,Miami Heat
155,31.11111111111111,10.955555555555556,0.47633333333333344,0.349875,2.475,0.7518888888888888,0.7000000000000001,3.0222222222222217,2.2333333333333334,0.8777777777777778,0.36666666666666664,1.4666666666666666,1.788888888888889,5,2013-14,Miami Heat
156,31.0,11.28888888888889,0.4746666666666667,0.37,2.5625,0.746,0.8222222222222222,3.255555555555555,2.4000000000000004,0.8666666666666667,0.5333333333333333,1.3777777777777775,1.7666666666666666,1,2012-13,Miami Heat
157,28.875,11.474999999999998,0.457125,0.3225,1.7166666666666666,0.76475,1.1624999999999999,3.4000000000000004,2.1375,0.95,0.7571428571428571,1.5125,1.8125000000000004,4,2011-12,Miami Heat
158,29.5,11.674999999999999,0.48087500000000005,0.343,2.6666666666666665,0.7474999999999999,1.0250000000000001,3.6500000000000004,2.125,0.725,0.6714285714285715,1.425,2.0,3,2010-11,Miami Heat
159,26.375,11.075,0.455125,0.3356,2.84,0.7770000000000001,1.2625,3.6625000000000005,1.6875,0.725,0.7,1.2999999999999998,2.125,13,2009-10,Miami Heat
160,26.6,12.190000000000001,0.46849999999999997,0.3484,3.78,0.7750000000000001,0.8700000000000001,4.05,2.7600000000000002,0.7700000000000001,0.56,1.35,1.85,1,2018-19,Milwaukee Bucks
161,26.333333333333332,11.733333333333334,0.4618888888888889,0.32711111111111113,2.7,0.794,0.8333333333333333,3.355555555555556,2.4666666666666663,1.0,0.6222222222222222,1.4222222222222223,2.2777777777777777,16,2017-18,Milwaukee Bucks
162,26.8,10.77,0.46980000000000005,0.37512500000000004,2.8874999999999997,0.7824000000000001,0.9299999999999999,3.2300000000000004,2.45,0.8,0.6111111111111112,1.3499999999999999,2.0000000000000004,13,2016-17,Milwaukee Bucks
163,23.583333333333332,9.741666666666665,0.46174999999999994,0.39633333333333337,2.3500000000000005,0.7252500000000001,1.0416666666666665,3.058333333333333,2.341666666666667,0.8416666666666668,0.6363636363636364,1.4749999999999999,2.125,23,2015-16,Milwaukee Bucks
164,25.571428571428573,9.685714285714285,0.47057142857142864,0.32320000000000004,2.4200000000000004,0.769,1.1,3.3428571428571425,2.257142857142857,0.9285714285714286,0.5857142857142856,1.5714285714285714,2.285714285714286,15,2014-15,Milwaukee Bucks
165,23.8,9.879999999999999,0.4452,0.377,3.1333333333333333,0.7535999999999999,1.46,3.3200000000000003,2.08,0.74,0.6599999999999999,1.64,2.44,30,2013-14,Milwaukee Bucks
166,27.0,10.9,0.41933333333333334,0.3438,3.12,0.7094999999999999,0.9500000000000001,2.766666666666666,2.8166666666666664,1.0166666666666668,0.35000000000000003,1.5833333333333333,1.6166666666666665,18,2012-13,Milwaukee Bucks
167,26.5,10.566666666666668,0.46449999999999997,0.3155,1.9999999999999998,0.7608333333333333,1.1166666666666667,2.75,2.533333333333333,0.7833333333333333,0.38,1.3,1.7,19,2011-12,Milwaukee Bucks
168,27.166666666666668,11.466666666666667,0.4355,0.35175,2.0166666666666666,0.7391666666666666,1.2000000000000002,3.616666666666667,2.5833333333333335,0.85,0.65,1.6833333333333333,2.3333333333333335,21,2010-11,Milwaukee Bucks
169,27.857142857142858,9.957142857142857,0.45914285714285713,0.32420000000000004,2.06,0.7680000000000001,1.385714285714286,3.142857142857143,2.2428571428571424,0.6714285714285716,0.6285714285714287,1.4428571428571426,2.2142857142857144,14,2009-10,Milwaukee Bucks
170,26.333333333333332,11.322222222222223,0.45077777777777783,0.34344444444444444,2.766666666666667,0.7947777777777778,1.2333333333333334,3.5888888888888895,2.7111111111111104,0.8444444444444444,0.5222222222222223,1.3777777777777778,2.1444444444444444,21,2018-19,Minnesota Timberwolves
171,27.555555555555557,12.855555555555554,0.47688888888888886,0.3417777777777778,2.6333333333333337,0.8136666666666666,1.1666666666666667,3.677777777777778,2.755555555555555,1.0222222222222224,0.47777777777777775,1.3777777777777778,2.0333333333333337,13,2017-18,Minnesota Timberwolves
172,24.1,11.629999999999999,0.44279999999999997,0.3472,2.57,0.7743999999999999,1.1199999999999999,3.25,2.66,0.8600000000000001,0.4700000000000001,1.45,2.06,25,2016-17,Minnesota Timberwolves
173,24.5,11.4625,0.46712500000000007,0.31287499999999996,1.7875,0.7767499999999999,1.1500000000000001,3.4625,2.55,0.8624999999999999,0.5625,1.5750000000000002,2.1500000000000004,26,2015-16,Minnesota Timberwolves
174,24.125,9.95,0.4415,0.304875,1.6125,0.77675,1.1375000000000002,2.9875000000000003,2.4125,0.85,0.45000000000000007,1.5250000000000001,2.05,30,2014-15,Minnesota Timberwolves
175,26.181818181818183,10.672727272727272,0.4417272727272728,0.40155555555555555,2.5666666666666664,0.7649090909090909,1.2818181818181815,3.1818181818181817,2.227272727272727,0.8545454545454544,0.4000000000000001,1.2909090909090908,1.8090909090909089,17,2013-14,Minnesota Timberwolves
176,25.625,10.3875,0.434625,0.3154,2.3833333333333333,0.752375,1.2249999999999999,3.0625,2.6875,0.9374999999999999,0.5285714285714286,1.6125000000000003,2.0375,22,2012-13,Minnesota Timberwolves
177,24.454545454545453,10.663636363636362,0.42554545454545456,0.3274,2.7,0.7653636363636364,1.2545454545454546,3.3636363636363638,2.3454545454545452,0.7545454545454546,0.43,1.6090909090909091,1.9090909090909087,21,2011-12,Minnesota Timberwolves
178,23.90909090909091,10.136363636363635,0.43818181818181823,0.375,2.4222222222222225,0.7578181818181818,1.2818181818181822,3.1090909090909093,2.036363636363636,0.7363636363636363,0.54,1.6636363636363638,2.2363636363636363,30,2010-11,Minnesota Timberwolves
179,23.125,10.275000000000002,0.44962500000000005,0.29883333333333334,1.6428571428571426,0.704,1.2249999999999996,3.2,2.0625000000000004,0.6875,0.41428571428571426,1.6749999999999998,1.9249999999999998,29,2009-10,Minnesota Timberwolves
180,25.083333333333332,11.283333333333331,0.4732500000000001,0.31983333333333336,2.5166666666666666,0.7519166666666667,1.1833333333333333,3.6333333333333333,2.966666666666667,0.7749999999999999,0.5818181818181819,1.5000000000000002,2.033333333333333,23,2018-19,New Orleans Pelicans
181,28.5,13.825,0.47150000000000003,0.349375,3.25,0.711625,1.0125000000000002,4.3999999999999995,3.725,1.0125,0.7249999999999999,1.9625,2.1374999999999997,11,2017-18,New Orleans Pelicans
182,25.625,11.3625,0.43174999999999997,0.353,3.25,0.76075,0.7625,3.4250000000000003,2.725,0.8625,0.55,1.3,1.8250000000000002,21,2016-17,New Orleans Pelicans
183,26.8,11.42,0.45170000000000005,0.3484444444444444,3.177777777777778,0.7697,0.9100000000000001,3.3299999999999996,2.15,0.8100000000000002,0.42000000000000004,1.3,2.12,25,2015-16,New Orleans Pelicans
184,25.428571428571427,12.100000000000003,0.4635714285714286,0.298,2.6999999999999997,0.7201428571428572,1.4714285714285715,4.014285714285714,2.2285714285714286,0.7857142857142857,0.7714285714285714,1.3857142857142857,1.9000000000000001,13,2014-15,New Orleans Pelicans
185,24.625,10.787500000000001,0.46524999999999994,0.3257142857142857,1.7857142857142858,0.7511249999999999,1.0750000000000002,3.1125000000000003,2.3000000000000003,0.8875,0.6499999999999999,1.3875000000000002,2.1125000000000003,21,2013-14,New Orleans Pelicans
186,23.0,10.711111111111112,0.44244444444444436,0.33357142857142863,2.2624999999999997,0.7602222222222221,1.2555555555555555,3.0777777777777775,2.433333333333333,0.7111111111111111,0.625,1.5666666666666664,1.9666666666666666,26,2012-13,New Orleans Pelicans
187,25.1,9.39,0.44630000000000003,0.3443333333333333,1.7285714285714284,0.7659,1.06,3.1500000000000004,2.3,0.75,0.47000000000000003,1.55,1.9499999999999997,28,2011-12,New Orleans Pelicans
188,26.125,10.55,0.454625,0.34228571428571425,2.1857142857142855,0.756625,0.7625,2.9625000000000004,2.5500000000000003,0.9125000000000001,0.275,1.3,2.0,11,2010-11,New Orleans Pelicans
189,27.444444444444443,11.166666666666668,0.45266666666666666,0.33499999999999996,2.4000000000000004,0.7923333333333334,0.7777777777777778,2.8888888888888884,2.933333333333333,0.8666666666666667,0.23333333333333334,1.3555555555555554,1.944444444444444,20,2009-10,New Orleans Pelicans
190,23.25,10.333333333333334,0.44083333333333335,0.33081818181818184,3.3000000000000003,0.7604166666666666,1.0999999999999999,3.4333333333333336,1.825,0.6666666666666666,0.5083333333333333,1.3250000000000002,2.1,30,2018-19,New York Knicks
191,26.8,11.13,0.4629,0.3496666666666667,2.7444444444444445,0.8074,1.1099999999999999,3.53,2.1900000000000004,0.65,0.59,1.4200000000000002,2.06,22,2017-18,New York Knicks
192,26.8,9.580000000000002,0.4462999999999999,0.3196666666666667,2.6444444444444444,0.748,1.3099999999999998,3.4299999999999997,2.05,0.6900000000000001,0.6,1.27,2.11,24,2016-17,New York Knicks
193,26.666666666666668,10.833333333333334,0.4416666666666667,0.341125,2.6999999999999997,0.8140000000000001,1.011111111111111,3.511111111111111,2.1777777777777776,0.6111111111111112,0.5333333333333332,1.2999999999999998,1.9555555555555557,24,2015-16,New York Knicks
194,28.142857142857142,7.785714285714286,0.42771428571428577,0.3566,3.2,0.7698571428571429,1.0,2.9285714285714284,2.2857142857142856,0.7000000000000001,0.64,1.2571428571428573,2.085714285714286,29,2014-15,New York Knicks
195,28.444444444444443,11.800000000000002,0.45788888888888896,0.3645714285714286,3.8714285714285714,0.7674444444444445,1.2444444444444445,3.466666666666667,2.266666666666667,0.8222222222222224,0.575,1.422222222222222,2.4333333333333336,19,2013-14,New York Knicks
196,29.3,10.629999999999999,0.4418,0.37777777777777777,3.6222222222222222,0.7632,1.0999999999999999,3.0000000000000004,2.15,0.89,0.3333333333333333,1.21,1.97,7,2012-13,New York Knicks
197,26.166666666666668,13.083333333333334,0.48849999999999993,0.3214,2.76,0.7440000000000001,1.5166666666666668,4.05,1.8666666666666665,1.0,0.5666666666666667,1.7333333333333334,2.3666666666666667,13,2011-12,New York Knicks
198,25.6,13.38,0.49400000000000005,0.38225,3.175,0.7688,1.26,3.6,3.5799999999999996,1.06,0.85,1.9,2.3400000000000003,15,2010-11,New York Knicks
199,26.6,11.88,0.4508,0.35075,2.8,0.7478,1.4,3.8200000000000003,2.86,0.9199999999999999,0.525,1.58,2.4799999999999995,22,2009-10,New York Knicks
200,25.625,13.662499999999998,0.47025000000000006,0.3518333333333334,4.966666666666668,0.69575,1.5250000000000001,4.2375,2.9499999999999997,1.1125,0.6250000000000001,1.6749999999999998,2.4874999999999994,10,2018-19,Oklahoma City Thunder
201,26.6,10.669999999999998,0.43900000000000006,0.34277777777777785,3.422222222222222,0.7296,1.1800000000000002,3.17,2.1,0.8300000000000001,0.48,1.3400000000000003,1.9100000000000001,8,2017-18,Oklahoma City Thunder
202,23.8,10.560000000000002,0.4508,0.2995555555555556,2.7777777777777777,0.6778000000000001,1.2399999999999998,3.47,2.12,0.7699999999999999,0.49000000000000005,1.48,2.0300000000000002,10,2016-17,Oklahoma City Thunder
203,25.1,11.36,0.4729,0.3526666666666667,2.7333333333333334,0.736,1.25,3.560000000000001,2.2800000000000002,0.74,0.5999999999999999,1.53,1.97,5,2015-16,Oklahoma City Thunder
204,25.0,10.440000000000001,0.4422999999999999,0.31055555555555553,2.7222222222222223,0.7258,1.1099999999999999,3.2600000000000002,2.1100000000000003,0.7699999999999999,0.53,1.35,2.1399999999999997,14,2014-15,Oklahoma City Thunder
205,26.1,11.3,0.46720000000000006,0.3425555555555555,2.6999999999999997,0.7673999999999999,1.01,3.28,2.41,0.8800000000000001,0.6222222222222222,1.53,2.0100000000000002,2,2013-14,Oklahoma City Thunder
206,26.0,13.785714285714286,0.5007142857142857,0.36100000000000004,3.0,0.8254285714285714,1.1,3.6999999999999997,2.6571428571428575,0.9714285714285714,0.8285714285714285,1.7428571428571427,2.0571428571428574,2,2012-13,Oklahoma City Thunder
207,24.571428571428573,13.185714285714287,0.48228571428571426,0.3681666666666667,3.7199999999999998,0.7742857142857142,1.157142857142857,3.6571428571428575,2.257142857142857,0.9000000000000001,0.9142857142857144,1.8714285714285714,2.1142857142857143,3,2011-12,Oklahoma City Thunder
208,23.88888888888889,10.977777777777776,0.4728888888888889,0.3518333333333334,2.783333333333333,0.7941111111111111,1.0999999999999999,3.188888888888889,2.1666666666666665,0.8222222222222223,0.6875,1.3777777777777778,2.2444444444444445,7,2010-11,Oklahoma City Thunder
209,23.0,10.899999999999999,0.475625,0.32325000000000004,1.657142857142857,0.7366250000000001,1.2999999999999998,3.4000000000000004,2.3875,0.8374999999999999,0.6125,1.5749999999999997,2.3375,12,2009-10,Oklahoma City Thunder
210,25.545454545454547,10.49090909090909,0.45545454545454545,0.344,3.3699999999999997,0.7647272727272726,1.0454545454545454,3.463636363636363,2.436363636363637,0.6454545454545455,0.6300000000000001,1.2636363636363637,1.8363636363636362,14,2018-19,Orlando Magic
211,26.076923076923077,10.015384615384617,0.45846153846153836,0.3447272727272727,3.2363636363636363,0.7551538461538463,0.8846153846153848,3.130769230769231,2.338461538461538,0.7076923076923076,0.4833333333333334,1.330769230769231,1.807692307692308,26,2017-18,Orlando Magic
212,25.11111111111111,10.633333333333333,0.44077777777777777,0.3205,2.825,0.7492222222222221,1.1111111111111112,3.566666666666667,2.4111111111111114,0.7111111111111111,0.7142857142857143,1.3666666666666667,2.022222222222222,26,2016-17,Orlando Magic
213,23.0,11.177777777777779,0.47177777777777774,0.3265,2.4375000000000004,0.7668888888888888,1.1666666666666667,3.6555555555555554,2.377777777777778,0.8555555555555556,0.6125,1.4444444444444444,2.0666666666666664,20,2015-16,Orlando Magic
214,24.666666666666668,9.125,0.45325,0.31181818181818177,1.7909090909090912,0.7263333333333334,1.0083333333333335,2.9500000000000006,1.95,0.75,0.42000000000000004,1.375,2.0,26,2014-15,Orlando Magic
215,24.09090909090909,10.381818181818183,0.44654545454545447,0.3564444444444444,2.422222222222222,0.7615454545454546,1.0363636363636366,3.4909090909090907,2.1636363636363636,0.7909090909090909,0.5222222222222223,1.481818181818182,2.081818181818182,28,2013-14,Orlando Magic
216,24.6,9.439999999999998,0.4548,0.31585714285714284,3.157142857142857,0.7369000000000001,0.99,3.0099999999999993,2.4299999999999997,0.6299999999999999,0.38,1.44,1.8900000000000001,30,2012-13,Orlando Magic
217,27.444444444444443,10.155555555555557,0.4291111111111111,0.3501428571428571,3.0874999999999995,0.7601111111111112,1.3111111111111111,3.5777777777777775,2.2000000000000006,0.711111111111111,0.4666666666666668,1.5444444444444443,1.9444444444444444,12,2011-12,Orlando Magic
218,27.11111111111111,10.466666666666667,0.4375555555555556,0.344,3.0125,0.7356666666666667,1.1111111111111112,3.455555555555555,2.4444444444444446,0.7111111111111111,0.6428571428571429,1.6666666666666667,2.0999999999999996,8,2010-11,Orlando Magic
219,26.5,10.58,0.47620000000000007,0.37400000000000005,3.3874999999999997,0.7687,1.0699999999999998,3.41,1.73,0.5900000000000001,0.7250000000000001,1.35,2.07,2,2009-10,Orlando Magic
220,25.22222222222222,12.588888888888887,0.46666666666666656,0.34925,3.266666666666667,0.7646666666666666,1.1222222222222225,3.7999999999999994,2.877777777777778,0.7888888888888891,0.6499999999999999,1.5222222222222224,2.077777777777778,7,2018-19,Philadelphia 76ers
221,25.333333333333332,11.799999999999999,0.48066666666666663,0.33775,2.9888888888888894,0.7563333333333334,1.177777777777778,4.044444444444444,2.988888888888889,0.8444444444444446,0.6111111111111112,1.7222222222222223,2.3222222222222224,5,2017-18,Philadelphia 76ers
222,23.625,9.9125,0.44549999999999995,0.3181428571428571,3.0857142857142854,0.78225,0.9625,3.2750000000000004,2.1999999999999997,0.8875000000000001,0.525,1.5875000000000001,2.1624999999999996,27,2016-17,Philadelphia 76ers
223,22.9,10.680000000000001,0.4364,0.31949999999999995,3.311111111111112,0.7040000000000001,1.0499999999999998,3.3899999999999997,2.33,0.9199999999999999,0.7000000000000001,1.6600000000000001,2.2600000000000002,30,2015-16,Philadelphia 76ers
224,22.88888888888889,9.211111111111112,0.42044444444444445,0.3038571428571428,2.75,0.6634444444444445,1.322222222222222,3.4,1.9666666666666666,1.0,0.7222222222222222,1.7111111111111112,2.2444444444444445,28,2014-15,Philadelphia 76ers
225,23.285714285714285,12.742857142857142,0.4378571428571429,0.2895714285714286,2.5714285714285716,0.7220000000000001,1.4428571428571428,4.071428571428571,2.9714285714285715,1.114285714285714,0.4857142857142858,2.157142857142857,2.5142857142857147,29,2013-14,Philadelphia 76ers
226,25.25,10.7,0.44237499999999996,0.3378571428571429,2.3142857142857145,0.7242500000000001,1.1875,3.4750000000000005,2.6125,0.8374999999999999,0.5125,1.4375,2.025,19,2012-13,Philadelphia 76ers
227,24.333333333333332,10.222222222222221,0.4524444444444444,0.33571428571428574,2.057142857142857,0.7347777777777778,1.155555555555556,3.4444444444444446,2.3666666666666667,0.8888888888888888,0.6,1.1333333333333333,1.8777777777777775,16,2011-12,Philadelphia 76ers
228,24.666666666666668,11.166666666666668,0.4545555555555556,0.329625,2.1375,0.7627777777777777,1.077777777777778,3.4222222222222225,2.677777777777778,0.8888888888888888,0.47777777777777775,1.3888888888888886,2.0444444444444447,16,2010-11,Philadelphia 76ers
229,24.666666666666668,10.411111111111111,0.4509999999999999,0.3437142857142857,2.2750000000000004,0.7494444444444444,0.9777777777777779,2.6111111111111116,2.2777777777777772,0.8999999999999999,0.38888888888888895,1.4111111111111112,1.9555555555555557,25,2009-10,Philadelphia 76ers
230,23.818181818181817,10.790909090909093,0.45709090909090905,0.32711111111111113,3.1,0.7629090909090909,0.8454545454545452,2.9545454545454546,2.3909090909090907,0.8636363636363636,0.5,1.5,2.3454545454545457,29,2018-19,Phoenix Suns
231,24.4,10.669999999999998,0.4553,0.32366666666666666,3.425,0.7428,1.1300000000000003,3.4800000000000004,1.9300000000000002,0.64,0.48999999999999994,1.52,2.2800000000000002,30,2017-18,Phoenix Suns
232,25.0,10.4,0.46854545454545454,0.3125555555555556,2.511111111111111,0.7132727272727273,1.2090909090909092,3.4000000000000004,1.8636363636363635,0.7545454545454544,0.5272727272727272,1.4545454545454548,2.4090909090909087,29,2016-17,Phoenix Suns
233,25.625,9.487499999999999,0.454875,0.32,2.5285714285714285,0.732125,1.1624999999999999,3.2624999999999997,1.55,0.6375000000000001,0.39999999999999997,1.3999999999999997,2.2625,27,2015-16,Phoenix Suns
234,24.375,11.2875,0.46525,0.33885714285714286,3.1,0.71825,1.1624999999999999,3.2875,2.4875,0.8875,0.5375,1.7000000000000002,2.3000000000000003,17,2014-15,Phoenix Suns
235,24.833333333333332,12.216666666666667,0.47500000000000003,0.30079999999999996,2.4,0.7016666666666667,1.1833333333333333,3.4,2.9000000000000004,1.0,0.45,1.9000000000000001,2.166666666666667,13,2013-14,Phoenix Suns
236,26.7,9.76,0.4396,0.30775,2.2125,0.7422,1.08,3.0200000000000005,2.2499999999999996,0.75,0.5900000000000001,1.52,1.95,27,2012-13,Phoenix Suns
237,27.571428571428573,10.371428571428572,0.4645714285714285,0.36000000000000004,2.6599999999999997,0.7572857142857143,1.1571428571428573,3.0571428571428574,2.3428571428571425,0.5857142857142857,0.6333333333333334,1.4000000000000001,1.5999999999999999,18,2011-12,Phoenix Suns
238,27.857142857142858,10.571428571428571,0.4838571428571429,0.299,2.15,0.7414285714285713,1.0714285714285714,3.057142857142857,2.7714285714285714,0.6571428571428573,0.4,1.4857142857142858,1.8714285714285714,17,2010-11,Phoenix Suns
239,26.285714285714285,11.185714285714287,0.5055714285714286,0.3538,2.4799999999999995,0.7607142857142858,1.2571428571428573,2.8285714285714287,2.6285714285714286,0.5285714285714286,0.5142857142857143,1.5857142857142856,2.042857142857143,5,2009-10,Phoenix Suns
240,25.8,11.249999999999998,0.4737,0.3128,2.9699999999999998,0.7941,1.16,3.69,2.37,0.65,0.52,1.3,2.02,6,2018-19,Portland Trail Blazers
241,25.5,11.04,0.45470000000000005,0.36225,3.377777777777778,0.7674000000000001,1.0299999999999998,3.55,2.05,0.7499999999999999,0.5599999999999999,1.35,1.9600000000000002,7,2017-18,Portland Trail Blazers
242,25.0,11.36,0.4641,0.3595,3.1222222222222227,0.7503,1.16,3.72,2.26,0.7200000000000001,0.56,1.35,2.33,15,2016-17,Portland Trail Blazers
243,24.1,10.909999999999998,0.46510000000000007,0.34924999999999995,3.7249999999999996,0.7419,1.17,3.4900000000000007,2.17,0.68,0.4699999999999999,1.4300000000000002,2.23,12,2015-16,Portland Trail Blazers
244,26.833333333333332,9.691666666666665,0.4498333333333333,0.3676666666666667,3.466666666666667,0.795,1.0583333333333333,3.35,2.0,0.6,0.4749999999999999,1.2,1.741666666666667,8,2014-15,Portland Trail Blazers
245,26.11111111111111,11.91111111111111,0.45399999999999996,0.3431666666666666,4.016666666666667,0.7816666666666665,1.4444444444444444,3.822222222222222,2.5555555555555554,0.5888888888888889,0.5444444444444444,1.4444444444444444,2.022222222222222,7,2013-14,Portland Trail Blazers
246,23.625,11.9,0.456625,0.30500000000000005,3.057142857142857,0.7528750000000001,1.2874999999999999,3.5875000000000004,2.475,0.75,0.5375000000000001,1.6625,1.9625,21,2012-13,Portland Trail Blazers
247,27.875,11.85,0.43437499999999996,0.30328571428571427,2.985714285714286,0.8041250000000001,1.0375,2.9375,2.5249999999999995,1.0,0.4625000000000001,1.6124999999999998,2.0125,20,2011-12,Portland Trail Blazers
248,26.375,10.837500000000002,0.434625,0.2846666666666667,2.357142857142857,0.7853749999999999,1.475,3.1375,2.425,0.925,0.6285714285714284,1.3499999999999999,2.15,10,2010-11,Portland Trail Blazers
249,27.142857142857142,10.214285714285714,0.4355714285714285,0.3243333333333333,2.466666666666667,0.8035714285714286,0.9571428571428571,2.742857142857143,2.485714285714286,0.7142857142857143,0.26666666666666666,1.2714285714285716,2.1,10,2009-10,Portland Trail Blazers
250,24.3,11.700000000000001,0.4617,0.3828888888888889,3.4444444444444446,0.7625,1.11,3.4,2.58,0.8200000000000001,0.48,1.3200000000000003,2.13,18,2018-19,Sacramento Kings
251,26.90909090909091,9.990909090909092,0.45372727272727276,0.3545999999999999,2.5199999999999996,0.7426363636363635,0.9636363636363636,3.1545454545454543,2.227272727272727,0.781818181818182,0.390909090909091,1.3545454545454545,1.918181818181818,24,2017-18,Sacramento Kings
252,28.333333333333332,10.755555555555553,0.4621111111111111,0.36742857142857144,3.1285714285714286,0.7617777777777777,0.8888888888888888,3.4222222222222225,2.4555555555555553,0.7444444444444444,0.4000000000000001,1.4777777777777779,2.1555555555555554,23,2016-17,Sacramento Kings
253,26.2,11.879999999999999,0.4801,0.36350000000000005,2.9375,0.7066000000000001,1.21,3.81,2.7,0.9800000000000001,0.5444444444444444,1.7399999999999998,2.2399999999999998,21,2015-16,Sacramento Kings
254,26.0,10.854545454545455,0.45263636363636367,0.3355,2.3375,0.7506363636363637,1.1727272727272728,3.5545454545454547,2.0545454545454542,0.7272727272727273,0.4,1.6272727272727274,2.109090909090909,25,2014-15,Sacramento Kings
255,24.3,11.01,0.43790000000000007,0.3135,2.211111111111111,0.7529999999999999,1.1800000000000002,3.2800000000000002,1.9600000000000004,0.74,0.4200000000000001,1.55,2.2500000000000004,24,2013-14,Sacramento Kings
256,25.22222222222222,10.133333333333335,0.4435555555555555,0.286,2.5999999999999996,0.7268888888888889,1.3,3.1333333333333333,2.088888888888889,0.8222222222222222,0.46249999999999997,1.4666666666666666,2.1222222222222222,25,2012-13,Sacramento Kings
257,25.22222222222222,10.533333333333333,0.43799999999999994,0.2702857142857143,2.6285714285714286,0.7434444444444446,1.3666666666666665,3.1111111111111116,1.9888888888888887,0.911111111111111,0.5,1.4,2.1333333333333333,26,2011-12,Sacramento Kings
258,24.444444444444443,10.5,0.44433333333333336,0.29157142857142865,1.9125,0.7488888888888888,1.1666666666666667,2.988888888888889,2.2888888888888888,0.8222222222222223,0.46249999999999997,1.6222222222222227,2.2333333333333334,26,2010-11,Sacramento Kings
259,23.125,10.700000000000001,0.463875,0.30900000000000005,2.0142857142857142,0.70225,1.3125,3.35,2.2375,0.675,0.49999999999999994,1.525,2.4125,28,2009-10,Sacramento Kings
260,28.5,11.48,0.48469999999999996,0.3574444444444445,2.9111111111111114,0.8100999999999999,0.93,3.5799999999999996,2.5199999999999996,0.62,0.5222222222222224,1.2,1.8499999999999996,12,2018-19,San Antonio Spurs
261,29.818181818181817,9.881818181818183,0.45099999999999996,0.3330909090909091,2.327272727272727,0.7702727272727272,0.9545454545454547,3.1818181818181817,2.2181818181818183,0.7272727272727273,0.6555555555555556,1.227272727272727,1.5909090909090906,12,2017-18,San Antonio Spurs
262,29.666666666666668,9.674999999999999,0.4724166666666667,0.39149999999999996,2.5500000000000003,0.7806666666666667,0.9333333333333335,3.125,2.1666666666666665,0.7333333333333333,0.6399999999999999,1.1500000000000001,1.6499999999999997,2,2016-17,San Antonio Spurs
263,30.454545454545453,9.909090909090908,0.48163636363636364,0.3847777777777777,1.9,0.779818181818182,0.8545454545454546,3.254545454545455,2.4181818181818184,0.7999999999999999,0.5636363636363636,1.2363636363636366,1.6727272727272728,2,2015-16,San Antonio Spurs
264,29.833333333333332,9.758333333333335,0.47,0.349,2.3272727272727276,0.7939166666666667,0.9166666666666666,3.0333333333333337,2.3166666666666664,0.7416666666666666,0.6555555555555554,1.25,1.7083333333333337,6,2014-15,San Antonio Spurs
265,28.6,10.990000000000002,0.488,0.38612500000000005,2.21,0.7987,0.85,3.29,2.65,0.78,0.5299999999999999,1.4,1.65,1,2013-14,San Antonio Spurs
266,28.916666666666668,9.791666666666666,0.4768333333333333,0.36260000000000003,2.39,0.7755000000000001,0.775,3.1999999999999997,2.4000000000000004,0.8166666666666669,0.5818181818181818,1.3333333333333333,1.6249999999999998,3,2012-13,San Antonio Spurs
267,27.333333333333332,10.577777777777776,0.4832222222222222,0.38366666666666666,2.6,0.7337777777777776,1.0777777777777777,3.3444444444444446,2.111111111111111,0.7222222222222223,0.5375,1.2222222222222223,1.688888888888889,2,2011-12,San Antonio Spurs
268,28.0,11.21111111111111,0.4804444444444445,0.3998333333333333,2.914285714285714,0.7477777777777779,1.0222222222222221,3.2777777777777772,2.388888888888889,0.8,0.525,1.3444444444444443,1.8888888888888888,2,2010-11,San Antonio Spurs
269,27.75,11.7875,0.4745,0.3307142857142857,2.314285714285714,0.7342500000000001,1.0625,3.3375,2.7125,0.7124999999999999,0.475,1.4874999999999998,2.1374999999999997,11,2009-10,San Antonio Spurs
270,26.555555555555557,12.944444444444445,0.4698888888888889,0.36388888888888893,3.8444444444444437,0.7992222222222223,0.9666666666666666,3.6666666666666665,3.022222222222222,0.9555555555555555,0.5333333333333333,1.4555555555555557,2.066666666666667,2,2018-19,Toronto Raptors
271,25.363636363636363,10.60909090909091,0.4766363636363636,0.3628181818181819,3.5200000000000005,0.7675454545454545,0.9090909090909091,3.209090909090909,2.3272727272727276,0.7181818181818183,0.5363636363636364,1.2,2.0454545454545454,2,2017-18,Toronto Raptors
272,25.7,11.410000000000002,0.4793,0.33390000000000003,2.977777777777778,0.7677,1.02,3.3,2.0,0.8699999999999999,0.53,1.23,2.05,7,2016-17,Toronto Raptors
273,26.0,10.760000000000002,0.46129999999999993,0.35725,2.9625000000000004,0.7567999999999999,1.05,3.4499999999999993,1.97,0.76,0.58,1.26,1.9900000000000002,4,2015-16,Toronto Raptors
274,26.2,11.35,0.47519999999999996,0.3173333333333333,2.966666666666667,0.7585999999999998,1.1200000000000003,3.29,2.2800000000000002,0.8,0.45999999999999996,1.34,2.1900000000000004,11,2014-15,Toronto Raptors
275,26.3,10.39,0.4532999999999999,0.36728571428571427,3.3,0.7718999999999999,1.2299999999999998,3.2400000000000007,2.2199999999999998,0.72,0.44000000000000006,1.38,2.43,11,2013-14,Toronto Raptors
276,24.555555555555557,9.255555555555556,0.4858888888888889,0.32233333333333336,2.15,0.7302222222222222,1.2666666666666668,3.211111111111111,2.488888888888889,0.6888888888888889,0.5333333333333333,1.344444444444444,2.3,20,2012-13,Toronto Raptors
277,25.5,9.05,0.47287500000000005,0.343,1.6499999999999997,0.731,1.1624999999999999,3.0625,2.2625,0.7125000000000001,0.5625,1.4749999999999999,2.3999999999999995,23,2011-12,Toronto Raptors
278,24.0,11.575,0.486375,0.282,2.066666666666667,0.7435,1.1375000000000002,2.8499999999999996,2.6750000000000007,0.7875000000000001,0.49999999999999994,1.5000000000000002,2.3249999999999997,28,2010-11,Toronto Raptors
279,24.77777777777778,11.399999999999999,0.4769999999999999,0.36062500000000003,2.3000000000000003,0.7676666666666666,1.011111111111111,3.266666666666667,2.4777777777777783,0.5666666666666668,0.47777777777777786,1.3888888888888888,2.2777777777777777,18,2009-10,Toronto Raptors
280,28.666666666666668,11.811111111111112,0.47755555555555557,0.352375,4.1125,0.7358888888888889,1.077777777777778,3.9444444444444446,2.677777777777778,0.911111111111111,0.6,1.5333333333333334,2.1222222222222222,8,2018-19,Utah Jazz
281,25.5,11.0125,0.47475,0.34928571428571425,3.142857142857143,0.7759999999999999,1.0,3.7750000000000004,2.5875,0.8875,0.5499999999999999,1.6125000000000003,2.0,9,2017-18,Utah Jazz
282,27.181818181818183,10.6,0.4586363636363636,0.35269999999999996,2.9999999999999996,0.7428181818181819,0.9090909090909091,3.463636363636364,2.081818181818182,0.6909090909090909,0.4545454545454545,1.309090909090909,1.8090909090909089,6,2016-17,Utah Jazz
283,24.272727272727273,9.054545454545455,0.4575454545454546,0.34775,2.5555555555555554,0.740727272727273,1.1272727272727272,3.1636363636363636,1.618181818181818,0.7181818181818183,0.7000000000000001,1.272727272727273,1.8545454545454545,19,2015-16,Utah Jazz
284,24.0,10.722222222222221,0.45433333333333337,0.317875,2.4124999999999996,0.7124444444444445,1.422222222222222,3.677777777777777,2.0,0.8444444444444446,0.6666666666666665,1.5333333333333337,2.1,20,2014-15,Utah Jazz
285,24.25,11.412499999999998,0.44162500000000005,0.3545,3.1333333333333333,0.7776249999999999,1.15,3.425,2.525,0.8,0.45000000000000007,1.6500000000000001,2.25,27,2013-14,Utah Jazz
286,25.727272727272727,9.90909090909091,0.4439090909090908,0.3808,1.8199999999999998,0.769,1.2,2.909090909090909,2.2454545454545456,0.809090909090909,0.6,1.4181818181818182,2.118181818181818,15,2012-13,Utah Jazz
287,24.8,10.029999999999998,0.44299999999999995,0.28237500000000004,1.475,0.7428,1.31,3.18,2.0999999999999996,0.8400000000000001,0.5599999999999999,1.35,2.1100000000000003,15,2011-12,Utah Jazz
288,26.5,11.374999999999998,0.4435,0.3584285714285715,2.257142857142857,0.775,1.075,3.0,2.8625,0.85,0.5375,1.5250000000000001,2.4749999999999996,18,2010-11,Utah Jazz
289,25.555555555555557,11.511111111111111,0.48133333333333334,0.33375,1.95,0.7448888888888889,1.0999999999999999,3.4333333333333336,2.966666666666667,0.9111111111111112,0.4666666666666667,1.5777777777777777,2.5,8,2009-10,Utah Jazz
290,25.0,12.75,0.4761666666666666,0.3481666666666667,3.8666666666666667,0.7719999999999999,1.0333333333333334,3.733333333333333,3.1833333333333336,1.0,0.45,1.3666666666666665,1.9666666666666668,25,2018-19,Washington Wizards
291,27.0,11.37,0.4628,0.37911111111111107,3.244444444444445,0.7729,0.86,3.35,3.0200000000000005,0.86,0.41000000000000003,1.51,2.0,17,2017-18,Washington Wizards
292,25.125,12.3,0.47200000000000003,0.35714285714285715,3.1142857142857143,0.7696250000000001,1.075,3.4499999999999997,2.8625,0.9500000000000001,0.38750000000000007,1.5,2.1125,9,2016-17,Washington Wizards
293,27.428571428571427,12.771428571428572,0.4868571428571428,0.3698,2.8666666666666667,0.7265714285714286,1.0571428571428572,3.8000000000000003,3.2571428571428567,1.0428571428571427,0.5,1.757142857142857,2.1714285714285713,18,2015-16,Washington Wizards
294,29.0,9.76,0.47730000000000006,0.3071428571428571,1.75,0.7332,1.1099999999999999,3.4200000000000004,2.44,0.7,0.4999999999999999,1.42,2.04,12,2014-15,Washington Wizards
295,26.285714285714285,13.528571428571428,0.4767142857142857,0.4586666666666667,3.8200000000000003,0.7274285714285714,1.2571428571428573,4.057142857142858,3.042857142857143,1.0285714285714287,0.6,1.7714285714285716,2.3428571428571425,14,2013-14,Washington Wizards
296,24.9,9.870000000000001,0.4295,0.33999999999999997,2.6125,0.7312,0.97,3.0500000000000003,2.3,0.78,0.41000000000000003,1.47,2.03,24,2012-13,Washington Wizards
297,22.142857142857142,8.200000000000001,0.4755714285714286,0.30075,1.0666666666666667,0.6411428571428571,1.5285714285714285,3.357142857142857,1.9285714285714286,0.7857142857142857,1.1166666666666667,1.5,2.3285714285714287,29,2011-12,Washington Wizards
298,24.375,11.337500000000002,0.46687499999999993,0.28,1.5333333333333332,0.7411249999999999,1.3250000000000002,3.3375,2.325,0.8875,0.6875,1.6624999999999999,2.3375,27,2010-11,Washington Wizards
299,26.571428571428573,12.5,0.4558571428571429,0.3558333333333334,2.4499999999999997,0.7818571428571428,1.2571428571428573,3.785714285714286,1.957142857142857,0.7571428571428572,0.5000000000000001,1.5999999999999999,2.3285714285714287,27,2009-10,Washington Wizards
